{"stat.leaveGame":11,"stat.entityKilledBy.techguns.ZombieMiner":15,"stat.drop.minecraft.redstone":5,"stat.pickup.gravestone.death_info":20,"stat.entityKilledBy.techguns.ZombieFarmer":9,"stat.mineBlock.minecraft.web":5,"stat.pickup.minecraft.golden_boots":2,"stat.mineBlock.immersiveengineering.ore":5,"stat.pickup.minecraft.porkchop":24,"stat.pickup.minecraft.glass":8,"stat.mineBlock.gravestone.gravestone":24,"stat.useItem.minecraft.water_bucket":9,"stat.craftItem.techguns.t1_miner_chestplate":4,"stat.pickup.minecraft.rotten_flesh":82,"stat.pickup.minecraft.sand":152,"stat.craftItem.minecraft.stone_axe":2,"stat.pickup.minecraft.bucket":5,"stat.pickup.minecraft.wooden_hoe":3,"stat.craftItem.minecraft.stone_sword":1,"stat.mineBlock.minecraft.sand":154,"stat.craftItem.techguns.handcannon":1,"stat.mineBlock.byg.scoria":17,"stat.killEntity.techguns.ZombieFarmer":36,"stat.hopperInspected":5,"stat.useItem.minecraft.iron_pickaxe":462,"stat.craftItem.minecraft.wooden_pickaxe":1,"stat.useItem.minecraft.iron_shovel":225,"stat.useItem.byg.tamrelitesword":108,"stat.pickup.minecraft.double_plant":3,"stat.drop.gravestone.death_info":32,"stat.pickup.techguns.basicore":25,"stat.furnaceInteraction":64,"stat.killEntity.ZombieVillager":5,"stat.pickup.minecraft.furnace":9,"stat.pickup.travellersbackpack.travellers_backpack":13,"stat.useItem.minecraft.trapdoor":1,"stat.drop.byg.cattail":2,"stat.craftItem.techguns.t1_miner_helmet":1,"stat.pickup.byg.tamrelitesword":4,"stat.useItem.minecraft.wheat_seeds":105,"stat.killEntity.striga":5,"stat.useItem.minecraft.dye":2,"stat.craftItem.hammertime.itemshoveliron":1,"stat.deaths":31,"stat.pickup.minecraft.egg":2,"stat.playOneMinute":303873,"stat.pickup.techguns.handcannon":12,"stat.pickup.techguns.t1_miner_helmet":6,"stat.craftItem.minecraft.iron_pickaxe":2,"stat.drop.techguns.handcannon":1,"stat.mineBlock.minecraft.tallgrass":11,"stat.chestOpened":166,"stat.useItem.minecraft.stone":2,"stat.pickup.minecraft.arrow":60,"stat.pickup.minecraft.iron_sword":4,"stat.pickup.minecraft.wooden_pressure_plate":2,"stat.craftItem.minecraft.coal":3,"stat.useItem.hammertime.itemhammeriron":1,"stat.pickup.byg.tamrelitegem":5,"stat.pickup.minecraft.cooked_chicken":2,"stat.fallOneCm":81059,"stat.drop.minecraft.stone":15,"stat.pickup.mutantbeasts.mutant_skeleton_shoulder_pad":2,"stat.crouchOneCm":51188,"stat.mineBlock.minecraft.chest":3,"stat.craftItem.minecraft.chest":11,"stat.craftItem.minecraft.iron_ingot":101,"stat.pickup.minecraft.golden_leggings":4,"stat.pickup.travellersbackpack.sleeping_bag_bottom":2,"stat.craftItem.minecraft.hopper":2,"stat.craftingTableInteraction":36,"stat.mineBlock.minecraft.wooden_pressure_plate":1,"stat.mineBlock.ic2.resource":13,"stat.pickup.minecraft.wooden_pickaxe":2,"stat.pickup.minecraft.feather":3,"stat.killEntity.techguns.ZombieMiner":34,"stat.useItem.minecraft.furnace":4,"stat.useItem.minecraft.reeds":6,"stat.pickup.minecraft.dye":191,"stat.pickup.minecraft.planks":49,"stat.pickup.minecraft.iron_leggings":5,"stat.pickup.minecraft.wheat_seeds":170,"stat.pickup.techguns.t1_miner_chestplate":17,"stat.mineBlock.minecraft.gravel":4,"stat.useItem.minecraft.stone_pickaxe":595,"stat.useItem.minecraft.stone_sword":91,"stat.mineBlock.minecraft.dirt":143,"stat.useItem.minecraft.torch":173,"stat.useItem.minecraft.bread":10,"stat.pickup.immersiveengineering.seed":3,"stat.pickup.minecraft.golden_apple":4,"stat.pickup.minecraft.crafting_table":8,"stat.useItem.minecraft.cobblestone":250,"stat.mineBlock.techguns.basicore":17,"stat.craftItem.minecraft.crafting_table":1,"stat.craftItem.travellersbackpack.sleeping_bag_bottom":1,"stat.pickup.minecraft.log":179,"stat.mineBlock.galacticraftcore.basic_block_core":23,"stat.pickup.minecraft.iron_pickaxe":6,"stat.pickup.minecraft.chicken":2,"stat.pickup.minecraft.sapling":4,"stat.pickup.minecraft.apple":26,"stat.craftItem.minecraft.bucket":1,"stat.craftItem.minecraft.planks":156,"stat.useItem.minecraft.iron_sword":169,"stat.pickup.minecraft.stone_sword":4,"stat.mineBlock.minecraft.log":68,"stat.useItem.minecraft.stone_hoe":12,"stat.pickup.minecraft.red_flower":1,"stat.sneakTime":29929,"stat.pickup.minecraft.wool":2,"stat.pickup.minecraft.stone_slab":12,"stat.pickup.minecraft.yellow_flower":1,"stat.craftItem.travellersbackpack.backpack_tank":4,"stat.pickup.minecraft.chest":3,"stat.pickup.immersiveengineering.ore":7,"stat.pickup.minecraft.bone":30,"stat.useItem.minecraft.iron_axe":4,"stat.mineBlock.minecraft.cobblestone":27,"stat.pickup.minecraft.stone_pickaxe":15,"stat.pickup.minecraft.flint":22,"stat.craftItem.minecraft.wool":4,"stat.swimOneCm":51433,"stat.climbOneCm":25956,"stat.pickup.minecraft.enchanted_book":2,"stat.pickup.minecraft.cooked_porkchop":1,"stat.pickup.travellersbackpack.backpack_tank":2,"stat.useItem.minecraft.dirt":119,"stat.useItem.minecraft.stone_slab2":61,"stat.pickup.minecraft.bow":4,"stat.pickup.minecraft.iron_boots":2,"stat.pickup.minecraft.stone_hoe":7,"stat.craftItem.minecraft.furnace":4,"stat.useItem.minecraft.egg":1,"stat.craftItem.minecraft.trapdoor":2,"stat.craftItem.minecraft.stone_pickaxe":7,"stat.pickup.minecraft.cobblestone":2462,"stat.flyOneCm":363867,"stat.drop.minecraft.wheat_seeds":1,"stat.pickup.minecraft.redstone":158,"stat.mineBlock.minecraft.iron_ore":138,"stat.timeSinceDeath":50493,"stat.useItem.minecraft.sign":1,"stat.killEntity.Bat":1,"stat.pickup.minecraft.chainmail_helmet":1,"stat.pickup.galacticraftcore.basic_block_core":24,"stat.drop.minecraft.dirt":1,"stat.pickup.minecraft.iron_shovel":14,"stat.pickup.minecraft.trapdoor":2,"stat.mineBlock.minecraft.coal_ore":127,"stat.craftItem.byg.tamrelitesword":1,"stat.killEntity.Creeper":11,"stat.talkedToVillager":1,"stat.craftItem.minecraft.stone_hoe":1,"stat.pickup.minecraft.string":37,"stat.entityKilledBy.Skeleton":1,"stat.craftItem.minecraft.stone_slab2":0,"stat.sprintOneCm":394754,"stat.craftItem.minecraft.stick":64,"stat.pickup.ic2.resource":13,"stat.drop.minecraft.stone_hoe":1,"stat.useItem.minecraft.stone_slab":3,"stat.craftItem.minecraft.stone":12,"stat.mineBlock.minecraft.diamond_ore":8,"stat.pickup.techguns.t1_miner_leggings":2,"stat.mineBlock.minecraft.crafting_table":8,"stat.useItem.minecraft.diamond_pickaxe":120,"stat.drop":42,"stat.craftItem.hammertime.itemhammeriron":5,"stat.pickup.minecraft.slime_ball":6,"stat.craftItem.minecraft.diamond_pickaxe":1,"stat.killEntity.Zombie":23,"stat.craftItem.minecraft.dye":32,"stat.pickup.byg.cattail":2,"stat.mineBlock.minecraft.gold_ore":18,"stat.diveOneCm":14048,"stat.pickup.minecraft.wheat":173,"stat.pickup.minecraft.gravel":114,"stat.pickup.minecraft.stone_axe":5,"stat.useItem.minecraft.apple":3,"stat.craftItem.travellersbackpack.travellers_backpack":2,"stat.useItem.minecraft.porkchop":1,"stat.pickup.byg.soapstone":32,"stat.jump":3289,"stat.useItem.minecraft.sand":1,"stat.useItem.minecraft.wooden_hoe":15,"stat.pickup.minecraft.coal":450,"stat.pickup.minecraft.iron_helmet":7,"stat.pickup.minecraft.iron_ingot":275,"stat.useItem.minecraft.stone_axe":135,"stat.pickup.minecraft.gunpowder":92,"stat.craftItem.minecraft.bread":20,"stat.craftItem.minecraft.torch":256,"stat.pickup.byg.scoria":8,"stat.pickup.minecraft.dirt":287,"stat.useItem.minecraft.cooked_chicken":1,"stat.pickup.minecraft.iron_ore":186,"stat.pickup.minecraft.gold_ore":61,"stat.craftItem.minecraft.flint_and_steel":1,"stat.mineBlock.minecraft.lapis_ore":8,"stat.pickup.minecraft.iron_axe":4,"stat.mineBlock.minecraft.glass_pane":1,"stat.damageTaken":5403,"stat.pickup.minecraft.leather":45,"stat.mineBlock.minecraft.furnace":7,"stat.mineBlock.minecraft.torch":41,"stat.mineBlock.minecraft.red_flower":1,"stat.useItem.minecraft.wooden_pickaxe":18,"stat.pickup.minecraft.reeds":8,"stat.entityKilledBy.Zombie":1,"stat.damageDealt":15091,"stat.craftItem.minecraft.glass":84,"stat.sleepInBed":1,"stat.pickup.hammertime.itemhammeriron":5,"stat.killEntity.Pig":5,"stat.killEntity.zombiealien":2,"stat.craftItem.minecraft.stone_slab":12,"stat.pickup.techguns.itemshared":704,"stat.walkOneCm":440323,"stat.useItem.minecraft.chest":4,"stat.pickup.minecraft.stick":12,"stat.pickup.minecraft.diamond_pickaxe":3,"stat.pickup.techguns.t1_miner_boots":4,"stat.useItem.minecraft.lava_bucket":5,"stat.pickup.galacticraftcore.basic_item":41,"stat.pickup.minecraft.stone":296,"stat.mineBlock.minecraft.wool":1,"stat.pickup.minecraft.gold_ingot":60,"stat.killEntity.Skeleton":16,"stat.craftItem.techguns.itemshared":370,"stat.mineBlock.byg.soapstone":17,"stat.killEntity.Chicken":1,"stat.pickup.minecraft.bread":178,"stat.mobKills":141,"stat.pickup.minecraft.diamond":14,"stat.entityKilledBy.transformedbotchling":2,"stat.mineBlock.minecraft.leaves":31,"stat.pickup.minecraft.torch":102,"stat.mineBlock.minecraft.redstone_ore":5,"stat.pickup.minecraft.lava_bucket":1,"stat.craftItem.minecraft.coal_block":3,"stat.drop.minecraft.arrow":1,"stat.mineBlock.minecraft.stone":739}