{"stat.leaveGame":23,"stat.entityKilledBy.techguns.ZombieMiner":17,"stat.craftItem.minecraft.iron_axe":1,"stat.drop.minecraft.redstone":5,"stat.pickup.gravestone.death_info":24,"stat.craftItem.minecraft.string":13,"stat.entityKilledBy.techguns.ZombieFarmer":16,"stat.mineBlock.minecraft.web":5,"stat.pickup.minecraft.golden_boots":4,"stat.mineBlock.immersiveengineering.ore":5,"stat.pickup.minecraft.porkchop":24,"stat.pickup.minecraft.glass":8,"stat.mineBlock.gravestone.gravestone":28,"stat.useItem.minecraft.water_bucket":9,"stat.craftItem.techguns.t1_miner_chestplate":4,"stat.pickup.minecraft.rotten_flesh":97,"stat.pickup.minecraft.sand":152,"stat.craftItem.minecraft.stone_axe":2,"stat.pickup.minecraft.bucket":5,"stat.pickup.minecraft.wooden_hoe":4,"stat.craftItem.minecraft.stone_sword":1,"stat.mineBlock.minecraft.sand":154,"stat.craftItem.techguns.handcannon":1,"stat.mineBlock.byg.scoria":17,"stat.killEntity.techguns.ZombieFarmer":48,"stat.hopperInspected":7,"stat.useItem.minecraft.iron_pickaxe":532,"stat.craftItem.minecraft.wooden_pickaxe":1,"stat.useItem.minecraft.iron_shovel":225,"stat.useItem.byg.tamrelitesword":108,"stat.pickup.minecraft.double_plant":8,"stat.drop.gravestone.death_info":48,"stat.pickup.techguns.basicore":25,"stat.furnaceInteraction":90,"stat.drop.minecraft.gravel":108,"stat.killEntity.ZombieVillager":5,"stat.pickup.hammertime.itemshoveliron":1,"stat.pickup.minecraft.beef":1,"stat.pickup.minecraft.furnace":9,"stat.pickup.travellersbackpack.travellers_backpack":17,"stat.useItem.minecraft.trapdoor":1,"stat.drop.byg.cattail":2,"stat.craftItem.techguns.t1_miner_helmet":1,"stat.pickup.byg.tamrelitesword":4,"stat.useItem.minecraft.wheat_seeds":117,"stat.useItem.immersiveengineering.seed":16,"stat.killEntity.striga":6,"stat.useItem.minecraft.dye":28,"stat.craftItem.hammertime.itemshoveliron":1,"stat.deaths":49,"stat.pickup.minecraft.egg":2,"stat.playOneMinute":417917,"stat.pickup.techguns.handcannon":12,"stat.pickup.techguns.t1_miner_helmet":8,"stat.craftItem.minecraft.iron_pickaxe":2,"stat.drop.techguns.handcannon":1,"stat.drop.minecraft.torch":6,"stat.mineBlock.minecraft.tallgrass":36,"stat.chestOpened":303,"stat.pickup.immersiveengineering.material":40,"stat.useItem.minecraft.stone":13,"stat.pickup.minecraft.arrow":64,"stat.pickup.minecraft.iron_sword":5,"stat.pickup.minecraft.wooden_pressure_plate":2,"stat.craftItem.minecraft.coal":3,"stat.useItem.hammertime.itemhammeriron":1,"stat.craftItem.minecraft.iron_nugget":135,"stat.pickup.byg.tamrelitegem":5,"stat.pickup.minecraft.cooked_chicken":2,"stat.fallOneCm":102976,"stat.drop.minecraft.stone":22,"stat.pickup.mutantbeasts.mutant_skeleton_shoulder_pad":2,"stat.crouchOneCm":56285,"stat.mineBlock.minecraft.chest":3,"stat.craftItem.minecraft.chest":11,"stat.craftItem.minecraft.iron_ingot":119,"stat.pickup.minecraft.golden_leggings":4,"stat.pickup.travellersbackpack.sleeping_bag_bottom":2,"stat.mineBlock.minecraft.concrete_powder":1,"stat.pickup.cgm.assault_rifle":3,"stat.craftItem.minecraft.hopper":2,"stat.craftingTableInteraction":45,"stat.drop.minecraft.concrete_powder":5,"stat.mineBlock.minecraft.wooden_pressure_plate":1,"stat.mineBlock.ic2.resource":13,"stat.pickup.minecraft.wooden_pickaxe":2,"stat.pickup.minecraft.feather":5,"stat.killEntity.techguns.ZombieMiner":49,"stat.useItem.minecraft.furnace":4,"stat.useItem.minecraft.reeds":20,"stat.drop.minecraft.concrete":1,"stat.pickup.minecraft.dye":196,"stat.pickup.minecraft.planks":76,"stat.pickup.minecraft.iron_leggings":10,"stat.pickup.minecraft.wheat_seeds":236,"stat.pickup.techguns.t1_miner_chestplate":18,"stat.mineBlock.minecraft.gravel":6,"stat.useItem.minecraft.stone_pickaxe":595,"stat.useItem.minecraft.stone_sword":91,"stat.mineBlock.minecraft.dirt":188,"stat.useItem.minecraft.torch":205,"stat.useItem.minecraft.bread":10,"stat.pickup.immersiveengineering.seed":23,"stat.pickup.minecraft.golden_apple":4,"stat.killEntity.transformedbotchling":1,"stat.pickup.minecraft.crafting_table":8,"stat.useItem.minecraft.cobblestone":260,"stat.mineBlock.techguns.basicore":17,"stat.craftItem.minecraft.crafting_table":1,"stat.useItem.minecraft.gravel":36,"stat.pickup.minecraft.iron_hoe":2,"stat.craftItem.travellersbackpack.sleeping_bag_bottom":1,"stat.pickup.minecraft.log":281,"stat.mineBlock.galacticraftcore.basic_block_core":23,"stat.pickup.minecraft.iron_pickaxe":9,"stat.pickup.minecraft.chicken":2,"stat.pickup.minecraft.sapling":5,"stat.pickup.minecraft.apple":30,"stat.craftItem.minecraft.bucket":1,"stat.craftItem.minecraft.planks":288,"stat.useItem.minecraft.iron_sword":345,"stat.pickup.minecraft.stone_sword":4,"stat.mineBlock.minecraft.log":170,"stat.useItem.minecraft.stone_hoe":12,"stat.craftItem.minecraft.paper":54,"stat.pickup.minecraft.red_flower":4,"stat.sneakTime":34436,"stat.pickup.minecraft.wool":2,"stat.pickup.minecraft.stone_slab":14,"stat.pickup.minecraft.yellow_flower":1,"stat.craftItem.travellersbackpack.backpack_tank":4,"stat.pickup.minecraft.chest":3,"stat.pickup.immersiveengineering.ore":7,"stat.pickup.minecraft.bone":40,"stat.useItem.minecraft.iron_axe":128,"stat.mineBlock.minecraft.cobblestone":40,"stat.pickup.minecraft.stone_pickaxe":15,"stat.pickup.minecraft.flint":63,"stat.entityKilledBy.Witch":1,"stat.mineBlock.minecraft.concrete":6,"stat.craftItem.minecraft.wool":7,"stat.swimOneCm":73878,"stat.useItem.minecraft.concrete_powder":8,"stat.climbOneCm":37390,"stat.pickup.minecraft.enchanted_book":2,"stat.drop.minecraft.cobblestone":67,"stat.pickup.minecraft.cooked_porkchop":1,"stat.pickup.travellersbackpack.backpack_tank":2,"stat.useItem.minecraft.dirt":252,"stat.useItem.minecraft.cookie":6,"stat.useItem.minecraft.stone_slab2":85,"stat.pickup.minecraft.bow":4,"stat.pickup.minecraft.iron_boots":2,"stat.pickup.minecraft.stone_hoe":7,"stat.craftItem.minecraft.furnace":4,"stat.useItem.minecraft.egg":1,"stat.craftItem.minecraft.trapdoor":2,"stat.drop.cgm.assault_rifle":2,"stat.craftItem.minecraft.stone_pickaxe":7,"stat.pickup.minecraft.cobblestone":3365,"stat.flyOneCm":462880,"stat.drop.minecraft.wheat_seeds":1,"stat.pickup.minecraft.redstone":164,"stat.mineBlock.minecraft.iron_ore":147,"stat.craftItem.minecraft.book":18,"stat.timeSinceDeath":10213,"stat.useItem.minecraft.sign":1,"stat.killEntity.Bat":1,"stat.pickup.cgm.basic_ammo":416,"stat.pickup.minecraft.chainmail_helmet":1,"stat.entityKilledBy.zombiealien":2,"stat.pickup.galacticraftcore.basic_block_core":24,"stat.drop.minecraft.dirt":1,"stat.craftItem.minecraft.concrete_powder":32,"stat.pickup.minecraft.iron_shovel":14,"stat.useItem.minecraft.cooked_porkchop":1,"stat.pickup.minecraft.trapdoor":2,"stat.mineBlock.minecraft.coal_ore":127,"stat.craftItem.byg.tamrelitesword":1,"stat.killEntity.Creeper":18,"stat.talkedToVillager":1,"stat.craftItem.minecraft.stone_hoe":1,"stat.pickup.minecraft.string":37,"stat.pickup.cgm.advanced_ammo":368,"stat.entityKilledBy.Skeleton":1,"stat.craftItem.minecraft.stone_slab2":0,"stat.killEntity.Squid":2,"stat.sprintOneCm":538189,"stat.craftItem.minecraft.stick":64,"stat.pickup.ic2.resource":13,"stat.drop.minecraft.stone_hoe":2,"stat.useItem.minecraft.stone_slab":8,"stat.craftItem.minecraft.stone":12,"stat.mineBlock.minecraft.diamond_ore":8,"stat.pickup.techguns.t1_miner_leggings":2,"stat.mineBlock.minecraft.crafting_table":8,"stat.useItem.minecraft.diamond_pickaxe":122,"stat.drop":84,"stat.craftItem.hammertime.itemhammeriron":5,"stat.pickup.minecraft.slime_ball":6,"stat.craftItem.minecraft.diamond_pickaxe":1,"stat.killEntity.Zombie":28,"stat.craftItem.minecraft.dye":49,"stat.pickup.byg.cattail":2,"stat.mineBlock.minecraft.gold_ore":18,"stat.diveOneCm":61113,"stat.pickup.minecraft.wheat":196,"stat.pickup.minecraft.gravel":453,"stat.pickup.minecraft.stone_axe":5,"stat.useItem.minecraft.apple":6,"stat.craftItem.travellersbackpack.travellers_backpack":2,"stat.useItem.minecraft.porkchop":1,"stat.pickup.byg.soapstone":32,"stat.jump":4645,"stat.useItem.minecraft.sand":1,"stat.useItem.minecraft.wooden_hoe":15,"stat.pickup.minecraft.coal":501,"stat.pickup.minecraft.iron_helmet":10,"stat.pickup.minecraft.iron_ingot":290,"stat.useItem.minecraft.stone_axe":135,"stat.pickup.minecraft.gunpowder":108,"stat.craftItem.minecraft.bread":20,"stat.pickup.cgm.chain_gun":6,"stat.craftItem.minecraft.torch":264,"stat.pickup.byg.scoria":8,"stat.pickup.minecraft.dirt":437,"stat.useItem.minecraft.cooked_chicken":1,"stat.pickup.minecraft.iron_ore":207,"stat.pickup.minecraft.gold_ore":61,"stat.craftItem.minecraft.flint_and_steel":1,"stat.mineBlock.minecraft.lapis_ore":8,"stat.pickup.minecraft.iron_axe":4,"stat.pickup.minecraft.cookie":12,"stat.mineBlock.minecraft.glass_pane":1,"stat.damageTaken":8494,"stat.pickup.minecraft.leather":46,"stat.mineBlock.minecraft.furnace":7,"stat.mineBlock.minecraft.torch":65,"stat.mineBlock.minecraft.red_flower":4,"stat.useItem.minecraft.wooden_pickaxe":18,"stat.pickup.minecraft.reeds":125,"stat.entityKilledBy.ZombieVillager":1,"stat.craftItem.cgm.workbench":1,"stat.pickup.minecraft.concrete":4,"stat.entityKilledBy.Zombie":2,"stat.damageDealt":22496,"stat.craftItem.minecraft.glass":84,"stat.sleepInBed":1,"stat.pickup.hammertime.itemhammeriron":6,"stat.drop.cgm.chain_gun":3,"stat.killEntity.Pig":5,"stat.killEntity.zombiealien":6,"stat.craftItem.minecraft.stone_slab":12,"stat.pickup.techguns.itemshared":709,"stat.walkOneCm":627996,"stat.useItem.minecraft.chest":4,"stat.playerKills":1,"stat.pickup.minecraft.stick":15,"stat.pickup.minecraft.diamond_pickaxe":4,"stat.pickup.techguns.t1_miner_boots":4,"stat.useItem.minecraft.lava_bucket":6,"stat.pickup.galacticraftcore.basic_item":41,"stat.pickup.minecraft.stone":483,"stat.mineBlock.minecraft.wool":1,"stat.useItem.minecraft.concrete":2,"stat.pickup.minecraft.gold_ingot":60,"stat.killEntity.Skeleton":19,"stat.craftItem.minecraft.bookshelf":10,"stat.craftItem.techguns.itemshared":370,"stat.mineBlock.byg.soapstone":17,"stat.killEntity.Chicken":1,"stat.pickup.minecraft.bread":179,"stat.pickup.minecraft.concrete_powder":1,"stat.mobKills":193,"stat.pickup.minecraft.diamond":20,"stat.entityKilledBy.transformedbotchling":2,"stat.mineBlock.minecraft.leaves":46,"stat.pickup.minecraft.torch":175,"stat.mineBlock.minecraft.redstone_ore":5,"stat.pickup.minecraft.lava_bucket":2,"stat.craftItem.minecraft.coal_block":3,"stat.drop.minecraft.arrow":1,"stat.mineBlock.minecraft.stone":748}