{"stat.leaveGame":9,"stat.entityKilledBy.techguns.ZombieMiner":15,"stat.drop.minecraft.redstone":5,"stat.pickup.gravestone.death_info":15,"stat.entityKilledBy.techguns.ZombieFarmer":9,"stat.mineBlock.minecraft.web":3,"stat.pickup.minecraft.golden_boots":1,"stat.mineBlock.immersiveengineering.ore":5,"stat.pickup.minecraft.porkchop":24,"stat.pickup.minecraft.glass":4,"stat.mineBlock.gravestone.gravestone":17,"stat.useItem.minecraft.water_bucket":9,"stat.craftItem.techguns.t1_miner_chestplate":3,"stat.pickup.minecraft.rotten_flesh":68,"stat.pickup.minecraft.sand":87,"stat.craftItem.minecraft.stone_axe":2,"stat.pickup.minecraft.bucket":4,"stat.pickup.minecraft.wooden_hoe":3,"stat.craftItem.minecraft.stone_sword":1,"stat.mineBlock.minecraft.sand":89,"stat.craftItem.techguns.handcannon":1,"stat.mineBlock.byg.scoria":17,"stat.killEntity.techguns.ZombieFarmer":33,"stat.useItem.minecraft.iron_pickaxe":325,"stat.craftItem.minecraft.wooden_pickaxe":1,"stat.useItem.minecraft.iron_shovel":156,"stat.useItem.byg.tamrelitesword":108,"stat.pickup.minecraft.double_plant":2,"stat.drop.gravestone.death_info":26,"stat.pickup.techguns.basicore":25,"stat.furnaceInteraction":40,"stat.killEntity.ZombieVillager":4,"stat.pickup.minecraft.furnace":8,"stat.pickup.travellersbackpack.travellers_backpack":10,"stat.useItem.minecraft.trapdoor":1,"stat.craftItem.techguns.t1_miner_helmet":1,"stat.pickup.byg.tamrelitesword":4,"stat.useItem.minecraft.wheat_seeds":80,"stat.killEntity.striga":4,"stat.deaths":30,"stat.pickup.minecraft.egg":2,"stat.playOneMinute":242184,"stat.pickup.techguns.handcannon":9,"stat.pickup.techguns.t1_miner_helmet":6,"stat.craftItem.minecraft.iron_pickaxe":2,"stat.mineBlock.minecraft.tallgrass":6,"stat.chestOpened":103,"stat.useItem.minecraft.stone":2,"stat.pickup.minecraft.arrow":41,"stat.pickup.minecraft.iron_sword":3,"stat.pickup.minecraft.wooden_pressure_plate":2,"stat.craftItem.minecraft.coal":3,"stat.useItem.hammertime.itemhammeriron":1,"stat.pickup.byg.tamrelitegem":5,"stat.pickup.minecraft.cooked_chicken":2,"stat.fallOneCm":77079,"stat.pickup.mutantbeasts.mutant_skeleton_shoulder_pad":2,"stat.crouchOneCm":49152,"stat.mineBlock.minecraft.chest":3,"stat.craftItem.minecraft.chest":2,"stat.craftItem.minecraft.iron_ingot":91,"stat.pickup.minecraft.golden_leggings":4,"stat.pickup.travellersbackpack.sleeping_bag_bottom":1,"stat.craftingTableInteraction":24,"stat.mineBlock.minecraft.wooden_pressure_plate":1,"stat.mineBlock.ic2.resource":13,"stat.pickup.minecraft.wooden_pickaxe":2,"stat.pickup.minecraft.feather":3,"stat.killEntity.techguns.ZombieMiner":31,"stat.useItem.minecraft.furnace":2,"stat.useItem.minecraft.reeds":2,"stat.pickup.minecraft.dye":178,"stat.pickup.minecraft.planks":49,"stat.pickup.minecraft.iron_leggings":4,"stat.pickup.minecraft.wheat_seeds":127,"stat.pickup.techguns.t1_miner_chestplate":15,"stat.mineBlock.minecraft.gravel":4,"stat.useItem.minecraft.stone_pickaxe":595,"stat.useItem.minecraft.stone_sword":91,"stat.mineBlock.minecraft.dirt":134,"stat.useItem.minecraft.torch":135,"stat.useItem.minecraft.bread":9,"stat.pickup.immersiveengineering.seed":3,"stat.pickup.minecraft.golden_apple":4,"stat.pickup.minecraft.crafting_table":8,"stat.useItem.minecraft.cobblestone":186,"stat.mineBlock.techguns.basicore":17,"stat.craftItem.minecraft.crafting_table":1,"stat.craftItem.travellersbackpack.sleeping_bag_bottom":1,"stat.pickup.minecraft.log":179,"stat.mineBlock.galacticraftcore.basic_block_core":23,"stat.pickup.minecraft.iron_pickaxe":5,"stat.pickup.minecraft.chicken":2,"stat.pickup.minecraft.sapling":4,"stat.pickup.minecraft.apple":14,"stat.craftItem.minecraft.bucket":1,"stat.craftItem.minecraft.planks":100,"stat.useItem.minecraft.iron_sword":125,"stat.pickup.minecraft.stone_sword":4,"stat.mineBlock.minecraft.log":68,"stat.pickup.minecraft.red_flower":1,"stat.sneakTime":28835,"stat.pickup.minecraft.wool":2,"stat.pickup.minecraft.stone_slab":12,"stat.pickup.minecraft.yellow_flower":1,"stat.craftItem.travellersbackpack.backpack_tank":1,"stat.pickup.minecraft.chest":3,"stat.pickup.immersiveengineering.ore":7,"stat.pickup.minecraft.bone":22,"stat.useItem.minecraft.iron_axe":4,"stat.mineBlock.minecraft.cobblestone":24,"stat.pickup.minecraft.stone_pickaxe":15,"stat.pickup.minecraft.flint":8,"stat.craftItem.minecraft.wool":4,"stat.swimOneCm":45294,"stat.climbOneCm":16888,"stat.pickup.minecraft.enchanted_book":1,"stat.pickup.minecraft.cooked_porkchop":1,"stat.pickup.travellersbackpack.backpack_tank":1,"stat.useItem.minecraft.dirt":111,"stat.useItem.minecraft.stone_slab2":42,"stat.pickup.minecraft.bow":4,"stat.pickup.minecraft.iron_boots":2,"stat.pickup.minecraft.stone_hoe":5,"stat.craftItem.minecraft.furnace":3,"stat.useItem.minecraft.egg":1,"stat.craftItem.minecraft.trapdoor":2,"stat.craftItem.minecraft.stone_pickaxe":7,"stat.pickup.minecraft.cobblestone":1798,"stat.flyOneCm":331328,"stat.pickup.minecraft.redstone":149,"stat.mineBlock.minecraft.iron_ore":112,"stat.timeSinceDeath":5131,"stat.killEntity.Bat":1,"stat.pickup.minecraft.chainmail_helmet":1,"stat.pickup.galacticraftcore.basic_block_core":24,"stat.drop.minecraft.dirt":1,"stat.pickup.minecraft.iron_shovel":12,"stat.pickup.minecraft.trapdoor":2,"stat.mineBlock.minecraft.coal_ore":71,"stat.craftItem.byg.tamrelitesword":1,"stat.killEntity.Creeper":11,"stat.talkedToVillager":1,"stat.craftItem.minecraft.stone_hoe":1,"stat.pickup.minecraft.string":30,"stat.entityKilledBy.Skeleton":1,"stat.craftItem.minecraft.stone_slab2":0,"stat.sprintOneCm":321715,"stat.craftItem.minecraft.stick":44,"stat.pickup.ic2.resource":13,"stat.useItem.minecraft.stone_slab":3,"stat.craftItem.minecraft.stone":12,"stat.mineBlock.minecraft.diamond_ore":5,"stat.pickup.techguns.t1_miner_leggings":2,"stat.mineBlock.minecraft.crafting_table":8,"stat.useItem.minecraft.diamond_pickaxe":120,"stat.drop":29,"stat.craftItem.hammertime.itemhammeriron":4,"stat.pickup.minecraft.slime_ball":5,"stat.craftItem.minecraft.diamond_pickaxe":1,"stat.killEntity.Zombie":20,"stat.craftItem.minecraft.dye":17,"stat.mineBlock.minecraft.gold_ore":18,"stat.diveOneCm":13610,"stat.pickup.minecraft.wheat":141,"stat.pickup.minecraft.gravel":4,"stat.pickup.minecraft.stone_axe":5,"stat.useItem.minecraft.porkchop":1,"stat.pickup.byg.soapstone":32,"stat.jump":2780,"stat.pickup.minecraft.coal":325,"stat.pickup.minecraft.iron_helmet":6,"stat.pickup.minecraft.iron_ingot":221,"stat.useItem.minecraft.stone_axe":135,"stat.pickup.minecraft.gunpowder":68,"stat.craftItem.minecraft.bread":20,"stat.craftItem.minecraft.torch":200,"stat.pickup.byg.scoria":8,"stat.pickup.minecraft.dirt":278,"stat.useItem.minecraft.cooked_chicken":1,"stat.pickup.minecraft.iron_ore":158,"stat.pickup.minecraft.gold_ore":61,"stat.craftItem.minecraft.flint_and_steel":1,"stat.mineBlock.minecraft.lapis_ore":8,"stat.pickup.minecraft.iron_axe":3,"stat.mineBlock.minecraft.glass_pane":1,"stat.damageTaken":5164,"stat.pickup.minecraft.leather":38,"stat.mineBlock.minecraft.furnace":6,"stat.mineBlock.minecraft.torch":29,"stat.mineBlock.minecraft.red_flower":1,"stat.useItem.minecraft.wooden_pickaxe":18,"stat.pickup.minecraft.reeds":3,"stat.entityKilledBy.Zombie":1,"stat.damageDealt":13415,"stat.craftItem.minecraft.glass":11,"stat.sleepInBed":1,"stat.pickup.hammertime.itemhammeriron":4,"stat.killEntity.Pig":5,"stat.killEntity.zombiealien":2,"stat.craftItem.minecraft.stone_slab":12,"stat.pickup.techguns.itemshared":594,"stat.walkOneCm":345368,"stat.useItem.minecraft.chest":2,"stat.pickup.minecraft.stick":12,"stat.pickup.minecraft.diamond_pickaxe":3,"stat.pickup.techguns.t1_miner_boots":4,"stat.useItem.minecraft.lava_bucket":1,"stat.pickup.galacticraftcore.basic_item":41,"stat.pickup.minecraft.stone":179,"stat.mineBlock.minecraft.wool":1,"stat.pickup.minecraft.gold_ingot":60,"stat.killEntity.Skeleton":13,"stat.craftItem.techguns.itemshared":370,"stat.mineBlock.byg.soapstone":17,"stat.killEntity.Chicken":1,"stat.pickup.minecraft.bread":166,"stat.mobKills":126,"stat.pickup.minecraft.diamond":11,"stat.entityKilledBy.transformedbotchling":2,"stat.mineBlock.minecraft.leaves":31,"stat.pickup.minecraft.torch":90,"stat.mineBlock.minecraft.redstone_ore":5,"stat.pickup.minecraft.lava_bucket":1,"stat.drop.minecraft.arrow":1,"stat.mineBlock.minecraft.stone":692}