{"stat.pickup.immersiveengineering.ore":5,"stat.pickup.minecraft.bone":10,"stat.leaveGame":13,"stat.mineBlock.minecraft.cobblestone":15,"stat.pickup.minecraft.stone_pickaxe":1,"stat.pickup.minecraft.flint":5,"stat.entityKilledBy.techguns.ZombieMiner":23,"stat.mineBlock.minecraft.yellow_flower":1,"stat.pickup.gravestone.death_info":19,"stat.entityKilledBy.techguns.ZombieFarmer":6,"stat.swimOneCm":43236,"stat.climbOneCm":13940,"stat.mineBlock.minecraft.web":6,"stat.pickup.capsule.capsule":2,"stat.pickup.minecraft.cooked_porkchop":4,"stat.pickup.minecraft.porkchop":20,"stat.mineBlock.gravestone.gravestone":8,"stat.useItem.minecraft.dirt":49,"stat.useItem.minecraft.stone_slab2":66,"stat.pickup.minecraft.iron_boots":2,"stat.pickup.minecraft.rotten_flesh":15,"stat.pickup.minecraft.sand":114,"stat.craftItem.minecraft.furnace":2,"stat.entityKilledBy.Spider":3,"stat.killEntity.botchling":1,"stat.craftItem.minecraft.stone_axe":1,"stat.craftItem.minecraft.trapdoor":2,"stat.craftItem.minecraft.stone_pickaxe":2,"stat.pickup.techguns.t2_beret":2,"stat.pickup.minecraft.cobblestone":1451,"stat.flyOneCm":183196,"stat.mineBlock.minecraft.sand":114,"stat.killEntity.techguns.ZombieFarmer":8,"stat.pickup.minecraft.redstone":2,"stat.mineBlock.minecraft.iron_ore":22,"stat.timeSinceDeath":11706,"stat.useItem.minecraft.iron_pickaxe":286,"stat.useItem.minecraft.sign":3,"stat.craftItem.minecraft.wooden_pickaxe":2,"stat.pickup.minecraft.mutton":2,"stat.pickup.minecraft.double_plant":1,"stat.drop.gravestone.death_info":3,"stat.pickup.minecraft.chainmail_helmet":1,"stat.pickup.techguns.basicore":16,"stat.entityKilledBy.zombiealien":3,"stat.furnaceInteraction":29,"stat.pickup.galacticraftcore.basic_block_core":23,"stat.useItem.minecraft.cooked_porkchop":2,"stat.mineBlock.minecraft.coal_ore":63,"stat.pickup.minecraft.string":9,"stat.pickup.minecraft.furnace":1,"stat.entityKilledBy.Skeleton":6,"stat.craftItem.minecraft.stone_slab2":0,"stat.useItem.minecraft.trapdoor":1,"stat.sprintOneCm":364214,"stat.craftItem.minecraft.stick":88,"stat.pickup.ic2.resource":8,"stat.craftItem.techguns.t2_beret":1,"stat.pickup.techguns.t1_miner_leggings":2,"stat.mineBlock.minecraft.crafting_table":1,"stat.useItem.minecraft.wooden_shovel":25,"stat.entityKilledBy.Creeper":1,"stat.deaths":50,"stat.drop":3,"stat.pickup.minecraft.egg":2,"stat.playOneMinute":243669,"stat.craftItem.minecraft.wooden_shovel":1,"stat.pickup.techguns.handcannon":1,"stat.killEntity.Sheep":1,"stat.pickup.techguns.t1_miner_helmet":1,"stat.useItem.minecraft.ladder":9,"stat.craftItem.minecraft.iron_pickaxe":1,"stat.killEntity.Zombie":5,"stat.mineBlock.minecraft.tallgrass":14,"stat.craftItem.minecraft.cooked_mutton":2,"stat.diveOneCm":13778,"stat.pickup.minecraft.wheat":19,"stat.pickup.minecraft.cooked_mutton":3,"stat.chestOpened":156,"stat.craftItem.minecraft.ladder":12,"stat.craftItem.minecraft.sign":6,"stat.useItem.minecraft.stone":17,"stat.pickup.minecraft.gravel":22,"stat.pickup.minecraft.iron_sword":4,"stat.pickup.minecraft.arrow":14,"stat.craftItem.minecraft.cooked_porkchop":6,"stat.pickup.minecraft.stone_axe":3,"stat.jump":2642,"stat.pickup.minecraft.coal":116,"stat.fallOneCm":54700,"stat.pickup.minecraft.iron_ingot":66,"stat.useItem.minecraft.stone_axe":96,"stat.pickup.minecraft.gunpowder":15,"stat.craftItem.minecraft.bread":4,"stat.crouchOneCm":60308,"stat.entityKilledBy.striga":1,"stat.mineBlock.minecraft.chest":2,"stat.craftItem.minecraft.chest":8,"stat.craftItem.minecraft.torch":32,"stat.craftItem.minecraft.iron_ingot":22,"stat.pickup.minecraft.dirt":93,"stat.useItem.minecraft.cooked_chicken":1,"stat.craftingTableInteraction":38,"stat.pickup.minecraft.iron_ore":47,"stat.pickup.minecraft.jungle_door":2,"stat.pickup.minecraft.gold_ore":13,"stat.useItem.minecraft.sapling":2,"stat.pickup.minecraft.wooden_pickaxe":1,"stat.damageTaken":9759,"stat.pickup.minecraft.leather":8,"stat.pickup.minecraft.feather":5,"stat.mineBlock.minecraft.red_flower":6,"stat.mineBlock.minecraft.torch":16,"stat.mineBlock.minecraft.furnace":1,"stat.killEntity.techguns.ZombieMiner":2,"stat.useItem.minecraft.wooden_pickaxe":67,"stat.pickup.minecraft.planks":38,"stat.pickup.minecraft.iron_leggings":2,"stat.pickup.minecraft.wheat_seeds":20,"stat.pickup.techguns.t1_miner_chestplate":2,"stat.entityKilledBy.Zombie":1,"stat.mineBlock.minecraft.gravel":1,"stat.useItem.minecraft.stone_pickaxe":370,"stat.damageDealt":2039,"stat.pickup.hammertime.itemhammeriron":2,"stat.sleepInBed":2,"stat.mineBlock.minecraft.dirt":75,"stat.killEntity.Pig":6,"stat.killEntity.zombiealien":2,"stat.pickup.techguns.itemshared":79,"stat.walkOneCm":566843,"stat.useItem.minecraft.torch":32,"stat.useItem.minecraft.bread":1,"stat.useItem.minecraft.chest":4,"stat.pickup.minecraft.crafting_table":1,"stat.pickup.techguns.t1_miner_boots":4,"stat.useItem.minecraft.cobblestone":70,"stat.craftItem.minecraft.crafting_table":1,"stat.pickup.minecraft.log":93,"stat.entityKilledBy.botchling":1,"stat.pickup.minecraft.iron_pickaxe":2,"stat.pickup.minecraft.stone":83,"stat.pickup.minecraft.chicken":5,"stat.pickup.minecraft.sapling":9,"stat.pickup.minecraft.apple":8,"stat.killEntity.Skeleton":2,"stat.craftItem.techguns.itemshared":1,"stat.craftItem.minecraft.planks":368,"stat.useItem.minecraft.iron_sword":54,"stat.killEntity.Chicken":2,"stat.pickup.minecraft.bread":64,"stat.mobKills":34,"stat.mineBlock.minecraft.log":93,"stat.craftItem.minecraft.cooked_chicken":2,"stat.pickup.minecraft.diamond":2,"stat.entityKilledBy.transformedbotchling":1,"stat.mineBlock.minecraft.leaves":100,"stat.pickup.minecraft.torch":29,"stat.pickup.minecraft.red_flower":6,"stat.sneakTime":22460,"stat.pickup.minecraft.wool":1,"stat.pickup.minecraft.yellow_flower":2,"stat.mineBlock.minecraft.stone":623,"stat.pickup.minecraft.chest":2}