{"stat.pickup.immersiveengineering.ore":5,"stat.pickup.minecraft.bone":11,"stat.leaveGame":13,"stat.mineBlock.minecraft.cobblestone":15,"stat.pickup.minecraft.stone_pickaxe":1,"stat.pickup.minecraft.flint":7,"stat.entityKilledBy.techguns.ZombieMiner":23,"stat.mineBlock.minecraft.yellow_flower":1,"stat.pickup.gravestone.death_info":19,"stat.entityKilledBy.techguns.ZombieFarmer":6,"stat.swimOneCm":48741,"stat.climbOneCm":17609,"stat.mineBlock.minecraft.web":7,"stat.pickup.capsule.capsule":2,"stat.pickup.minecraft.cooked_porkchop":4,"stat.pickup.minecraft.porkchop":20,"stat.mineBlock.gravestone.gravestone":8,"stat.useItem.minecraft.dirt":51,"stat.useItem.minecraft.stone_slab2":69,"stat.pickup.minecraft.iron_boots":2,"stat.pickup.minecraft.rotten_flesh":19,"stat.pickup.minecraft.sand":114,"stat.craftItem.minecraft.furnace":2,"stat.entityKilledBy.Spider":3,"stat.killEntity.botchling":1,"stat.craftItem.minecraft.stone_axe":1,"stat.craftItem.minecraft.trapdoor":2,"stat.craftItem.minecraft.stone_pickaxe":2,"stat.pickup.techguns.t2_beret":2,"stat.pickup.minecraft.cobblestone":1760,"stat.flyOneCm":202011,"stat.mineBlock.minecraft.sand":114,"stat.killEntity.techguns.ZombieFarmer":8,"stat.pickup.minecraft.redstone":11,"stat.mineBlock.minecraft.iron_ore":30,"stat.timeSinceDeath":9491,"stat.useItem.minecraft.iron_pickaxe":369,"stat.useItem.minecraft.sign":3,"stat.craftItem.minecraft.wooden_pickaxe":2,"stat.pickup.minecraft.mutton":2,"stat.pickup.minecraft.double_plant":6,"stat.craftItem.minecraft.glass_pane":16,"stat.drop.gravestone.death_info":3,"stat.pickup.cgm.basic_ammo":32,"stat.pickup.minecraft.chainmail_helmet":1,"stat.pickup.techguns.basicore":16,"stat.entityKilledBy.zombiealien":3,"stat.furnaceInteraction":37,"stat.pickup.galacticraftcore.basic_block_core":23,"stat.useItem.minecraft.cooked_porkchop":2,"stat.mineBlock.minecraft.coal_ore":63,"stat.pickup.minecraft.string":10,"stat.pickup.minecraft.furnace":1,"stat.entityKilledBy.Skeleton":6,"stat.craftItem.minecraft.stone_slab2":0,"stat.killEntity.Squid":2,"stat.useItem.minecraft.trapdoor":1,"stat.sprintOneCm":404367,"stat.craftItem.minecraft.stick":112,"stat.pickup.ic2.resource":8,"stat.craftItem.techguns.t2_beret":1,"stat.pickup.techguns.t1_miner_leggings":2,"stat.mineBlock.minecraft.crafting_table":1,"stat.useItem.minecraft.wooden_shovel":25,"stat.entityKilledBy.Creeper":1,"stat.deaths":51,"stat.drop":4,"stat.pickup.minecraft.egg":2,"stat.playOneMinute":267969,"stat.craftItem.minecraft.wooden_shovel":1,"stat.pickup.techguns.handcannon":1,"stat.killEntity.Sheep":1,"stat.craftItem.hammertime.itemhammeriron":1,"stat.pickup.techguns.t1_miner_helmet":1,"stat.useItem.minecraft.ladder":9,"stat.craftItem.minecraft.iron_pickaxe":1,"stat.killEntity.Zombie":5,"stat.craftItem.minecraft.dye":10,"stat.drop.minecraft.torch":1,"stat.mineBlock.minecraft.gold_ore":9,"stat.mineBlock.minecraft.tallgrass":14,"stat.craftItem.minecraft.cooked_mutton":2,"stat.diveOneCm":21775,"stat.pickup.minecraft.wheat":19,"stat.pickup.minecraft.cooked_mutton":3,"stat.chestOpened":192,"stat.craftItem.minecraft.ladder":12,"stat.craftItem.minecraft.sign":6,"stat.useItem.minecraft.stone":17,"stat.pickup.cgm.scope":1,"stat.pickup.minecraft.gravel":57,"stat.pickup.minecraft.iron_sword":4,"stat.pickup.minecraft.arrow":15,"stat.craftItem.minecraft.cooked_porkchop":6,"stat.pickup.minecraft.stone_axe":3,"stat.craftItem.minecraft.iron_nugget":9,"stat.jump":2840,"stat.pickup.minecraft.coal":125,"stat.fallOneCm":57868,"stat.pickup.minecraft.iron_ingot":68,"stat.useItem.minecraft.stone_axe":96,"stat.pickup.minecraft.gunpowder":19,"stat.craftItem.minecraft.bread":4,"stat.crouchOneCm":63126,"stat.entityKilledBy.striga":1,"stat.mineBlock.minecraft.chest":2,"stat.craftItem.minecraft.chest":8,"stat.craftItem.minecraft.torch":32,"stat.craftItem.minecraft.iron_ingot":36,"stat.pickup.minecraft.dirt":109,"stat.pickup.cgm.assault_rifle":1,"stat.useItem.minecraft.cooked_chicken":1,"stat.craftingTableInteraction":41,"stat.pickup.minecraft.iron_ore":61,"stat.pickup.minecraft.jungle_door":2,"stat.pickup.minecraft.gold_ore":20,"stat.useItem.minecraft.sapling":2,"stat.mineBlock.minecraft.lapis_ore":4,"stat.pickup.minecraft.wooden_pickaxe":1,"stat.damageTaken":9853,"stat.pickup.minecraft.leather":8,"stat.pickup.minecraft.feather":5,"stat.mineBlock.minecraft.red_flower":6,"stat.mineBlock.minecraft.torch":32,"stat.mineBlock.minecraft.furnace":1,"stat.killEntity.techguns.ZombieMiner":2,"stat.useItem.minecraft.wooden_pickaxe":67,"stat.pickup.minecraft.dye":25,"stat.pickup.minecraft.planks":38,"stat.pickup.minecraft.iron_leggings":2,"stat.pickup.minecraft.wheat_seeds":20,"stat.pickup.techguns.t1_miner_chestplate":2,"stat.entityKilledBy.Zombie":1,"stat.mineBlock.minecraft.gravel":13,"stat.useItem.minecraft.stone_pickaxe":370,"stat.damageDealt":2238,"stat.pickup.hammertime.itemhammeriron":2,"stat.sleepInBed":4,"stat.mineBlock.minecraft.dirt":90,"stat.killEntity.Pig":6,"stat.killEntity.zombiealien":2,"stat.pickup.techguns.itemshared":81,"stat.walkOneCm":648239,"stat.useItem.minecraft.torch":51,"stat.useItem.minecraft.bread":1,"stat.useItem.minecraft.chest":4,"stat.pickup.minecraft.crafting_table":1,"stat.pickup.techguns.t1_miner_boots":4,"stat.useItem.minecraft.cobblestone":73,"stat.craftItem.minecraft.crafting_table":1,"stat.mineBlock.minecraft.double_plant":2,"stat.pickup.minecraft.log":93,"stat.entityKilledBy.botchling":1,"stat.pickup.minecraft.iron_pickaxe":2,"stat.pickup.minecraft.stone":89,"stat.pickup.minecraft.chicken":5,"stat.pickup.minecraft.sapling":9,"stat.pickup.minecraft.apple":8,"stat.killEntity.Skeleton":2,"stat.craftItem.techguns.itemshared":1,"stat.craftItem.minecraft.planks":368,"stat.useItem.minecraft.iron_sword":63,"stat.killEntity.Chicken":2,"stat.pickup.minecraft.bread":67,"stat.mobKills":37,"stat.mineBlock.minecraft.log":93,"stat.craftItem.minecraft.cooked_chicken":2,"stat.pickup.minecraft.diamond":2,"stat.entityKilledBy.transformedbotchling":1,"stat.mineBlock.minecraft.leaves":100,"stat.pickup.minecraft.torch":45,"stat.pickup.minecraft.red_flower":6,"stat.sneakTime":24020,"stat.pickup.minecraft.wool":1,"stat.pickup.minecraft.yellow_flower":2,"stat.mineBlock.minecraft.stone":680,"stat.pickup.minecraft.chest":2}