{"stat.leaveGame":15,"stat.entityKilledBy.techguns.ZombieMiner":23,"stat.pickup.gravestone.death_info":19,"stat.entityKilledBy.techguns.ZombieFarmer":6,"stat.mineBlock.minecraft.web":7,"stat.pickup.minecraft.porkchop":20,"stat.mineBlock.gravestone.gravestone":8,"stat.pickup.minecraft.rotten_flesh":19,"stat.pickup.minecraft.sand":114,"stat.entityKilledBy.Spider":3,"stat.craftItem.minecraft.stone_axe":1,"stat.pickup.techguns.t2_beret":2,"stat.mineBlock.minecraft.sand":114,"stat.killEntity.techguns.ZombieFarmer":8,"stat.useItem.minecraft.iron_pickaxe":493,"stat.craftItem.minecraft.wooden_pickaxe":2,"stat.pickup.minecraft.double_plant":6,"stat.craftItem.minecraft.glass_pane":16,"stat.drop.gravestone.death_info":3,"stat.pickup.techguns.basicore":16,"stat.furnaceInteraction":52,"stat.pickup.minecraft.furnace":1,"stat.useItem.minecraft.trapdoor":1,"stat.deaths":51,"stat.pickup.minecraft.egg":2,"stat.playOneMinute":312628,"stat.craftItem.minecraft.wooden_shovel":1,"stat.pickup.techguns.handcannon":1,"stat.pickup.techguns.t1_miner_helmet":1,"stat.craftItem.minecraft.iron_pickaxe":1,"stat.drop.minecraft.torch":1,"stat.mineBlock.minecraft.tallgrass":14,"stat.craftItem.minecraft.cooked_mutton":2,"stat.pickup.minecraft.cooked_mutton":3,"stat.chestOpened":239,"stat.craftItem.minecraft.sign":6,"stat.useItem.minecraft.stone":17,"stat.pickup.minecraft.iron_sword":4,"stat.pickup.minecraft.arrow":15,"stat.craftItem.minecraft.iron_nugget":27,"stat.fallOneCm":64341,"stat.crouchOneCm":72629,"stat.mineBlock.minecraft.chest":2,"stat.craftItem.minecraft.chest":8,"stat.craftItem.minecraft.iron_ingot":75,"stat.pickup.cgm.assault_rifle":1,"stat.craftingTableInteraction":41,"stat.pickup.minecraft.jungle_door":2,"stat.pickup.minecraft.wooden_pickaxe":1,"stat.pickup.minecraft.feather":5,"stat.killEntity.techguns.ZombieMiner":3,"stat.pickup.minecraft.dye":90,"stat.pickup.minecraft.planks":38,"stat.pickup.minecraft.iron_leggings":2,"stat.pickup.minecraft.wheat_seeds":20,"stat.pickup.techguns.t1_miner_chestplate":2,"stat.mineBlock.minecraft.gravel":13,"stat.useItem.minecraft.stone_pickaxe":370,"stat.mineBlock.minecraft.dirt":91,"stat.useItem.minecraft.torch":108,"stat.useItem.minecraft.bread":1,"stat.pickup.minecraft.crafting_table":1,"stat.useItem.minecraft.cobblestone":119,"stat.craftItem.minecraft.crafting_table":1,"stat.mineBlock.minecraft.double_plant":2,"stat.pickup.minecraft.log":93,"stat.entityKilledBy.botchling":1,"stat.pickup.minecraft.iron_pickaxe":2,"stat.pickup.minecraft.chicken":5,"stat.pickup.minecraft.sapling":9,"stat.pickup.minecraft.apple":8,"stat.craftItem.minecraft.planks":368,"stat.useItem.minecraft.iron_sword":73,"stat.mineBlock.minecraft.log":93,"stat.craftItem.minecraft.cooked_chicken":2,"stat.pickup.minecraft.red_flower":6,"stat.sneakTime":27222,"stat.pickup.minecraft.wool":1,"stat.pickup.minecraft.yellow_flower":2,"stat.pickup.minecraft.chest":2,"stat.pickup.immersiveengineering.ore":5,"stat.pickup.minecraft.bone":11,"stat.mineBlock.minecraft.cobblestone":16,"stat.pickup.minecraft.stone_pickaxe":1,"stat.pickup.minecraft.flint":7,"stat.mineBlock.minecraft.yellow_flower":1,"stat.swimOneCm":53006,"stat.climbOneCm":19952,"stat.pickup.capsule.capsule":2,"stat.pickup.minecraft.cooked_porkchop":4,"stat.useItem.minecraft.dirt":51,"stat.useItem.minecraft.stone_slab2":75,"stat.pickup.minecraft.iron_boots":2,"stat.craftItem.minecraft.furnace":2,"stat.killEntity.botchling":1,"stat.craftItem.minecraft.trapdoor":2,"stat.craftItem.minecraft.stone_pickaxe":2,"stat.pickup.minecraft.cobblestone":2051,"stat.flyOneCm":251030,"stat.pickup.minecraft.redstone":11,"stat.mineBlock.minecraft.iron_ore":91,"stat.timeSinceDeath":54150,"stat.useItem.minecraft.sign":3,"stat.pickup.minecraft.mutton":2,"stat.pickup.cgm.basic_ammo":96,"stat.pickup.minecraft.chainmail_helmet":1,"stat.entityKilledBy.zombiealien":3,"stat.pickup.galacticraftcore.basic_block_core":23,"stat.useItem.minecraft.cooked_porkchop":2,"stat.mineBlock.minecraft.coal_ore":63,"stat.killEntity.Creeper":1,"stat.pickup.minecraft.string":10,"stat.entityKilledBy.Skeleton":6,"stat.craftItem.minecraft.stone_slab2":0,"stat.killEntity.Squid":2,"stat.sprintOneCm":504607,"stat.craftItem.minecraft.stick":112,"stat.pickup.ic2.resource":8,"stat.craftItem.techguns.t2_beret":1,"stat.pickup.techguns.t1_miner_leggings":2,"stat.mineBlock.minecraft.crafting_table":1,"stat.useItem.minecraft.wooden_shovel":25,"stat.entityKilledBy.Creeper":1,"stat.drop":4,"stat.killEntity.Sheep":1,"stat.craftItem.hammertime.itemhammeriron":1,"stat.useItem.minecraft.ladder":9,"stat.killEntity.Zombie":6,"stat.craftItem.minecraft.dye":10,"stat.mineBlock.minecraft.gold_ore":11,"stat.diveOneCm":21775,"stat.pickup.minecraft.wheat":19,"stat.craftItem.minecraft.ladder":12,"stat.pickup.cgm.scope":1,"stat.pickup.minecraft.gravel":57,"stat.craftItem.minecraft.cooked_porkchop":6,"stat.pickup.minecraft.stone_axe":3,"stat.jump":3330,"stat.pickup.minecraft.coal":143,"stat.pickup.minecraft.iron_ingot":68,"stat.useItem.minecraft.stone_axe":96,"stat.pickup.minecraft.gunpowder":22,"stat.craftItem.minecraft.bread":4,"stat.entityKilledBy.striga":1,"stat.craftItem.minecraft.torch":64,"stat.pickup.minecraft.dirt":110,"stat.useItem.minecraft.cooked_chicken":1,"stat.pickup.minecraft.iron_ore":134,"stat.pickup.minecraft.gold_ore":31,"stat.useItem.minecraft.sapling":2,"stat.mineBlock.minecraft.lapis_ore":12,"stat.damageTaken":9938,"stat.pickup.minecraft.leather":8,"stat.mineBlock.minecraft.red_flower":6,"stat.mineBlock.minecraft.torch":55,"stat.mineBlock.minecraft.furnace":1,"stat.useItem.minecraft.wooden_pickaxe":67,"stat.entityKilledBy.Zombie":1,"stat.damageDealt":2508,"stat.pickup.hammertime.itemhammeriron":2,"stat.sleepInBed":6,"stat.killEntity.Pig":6,"stat.killEntity.zombiealien":2,"stat.pickup.techguns.itemshared":81,"stat.walkOneCm":780062,"stat.useItem.minecraft.chest":4,"stat.pickup.techguns.t1_miner_boots":4,"stat.pickup.minecraft.stone":109,"stat.killEntity.Skeleton":2,"stat.craftItem.techguns.itemshared":1,"stat.killEntity.Chicken":2,"stat.pickup.minecraft.bread":67,"stat.mobKills":40,"stat.pickup.minecraft.diamond":2,"stat.entityKilledBy.transformedbotchling":1,"stat.mineBlock.minecraft.leaves":100,"stat.pickup.minecraft.torch":68,"stat.mineBlock.minecraft.stone":735}