{"stat.leaveGame":15,"stat.entityKilledBy.techguns.ZombieMiner":23,"stat.pickup.gravestone.death_info":19,"stat.entityKilledBy.techguns.ZombieFarmer":6,"stat.craftItem.minecraft.shield":1,"stat.mineBlock.minecraft.web":8,"stat.mineBlock.immersiveengineering.ore":3,"stat.pickup.minecraft.porkchop":20,"stat.mineBlock.gravestone.gravestone":9,"stat.pickup.minecraft.rotten_flesh":19,"stat.pickup.minecraft.sand":114,"stat.entityKilledBy.Spider":3,"stat.craftItem.minecraft.stone_axe":1,"stat.pickup.techguns.t2_beret":3,"stat.pickup.minecraft.leather_boots":1,"stat.mineBlock.minecraft.sand":114,"stat.killEntity.techguns.ZombieFarmer":11,"stat.useItem.minecraft.iron_pickaxe":625,"stat.craftItem.minecraft.wooden_pickaxe":2,"stat.pickup.minecraft.double_plant":6,"stat.pickup.minecraft.armor_stand":1,"stat.craftItem.minecraft.glass_pane":16,"stat.drop.gravestone.death_info":4,"stat.pickup.techguns.basicore":23,"stat.furnaceInteraction":55,"stat.mineBlock.minecraft.rail":16,"stat.craftItem.minecraft.leather_helmet":1,"stat.pickup.minecraft.furnace":1,"stat.pickup.minecraft.leather_helmet":1,"stat.useItem.minecraft.trapdoor":1,"stat.deaths":52,"stat.pickup.minecraft.egg":2,"stat.playOneMinute":336928,"stat.craftItem.minecraft.wooden_shovel":1,"stat.pickup.techguns.handcannon":2,"stat.pickup.techguns.t1_miner_helmet":1,"stat.craftItem.minecraft.iron_pickaxe":2,"stat.drop.minecraft.torch":1,"stat.mineBlock.minecraft.tallgrass":14,"stat.craftItem.minecraft.cooked_mutton":2,"stat.pickup.minecraft.cooked_mutton":3,"stat.chestOpened":246,"stat.craftItem.minecraft.sign":6,"stat.useItem.minecraft.stone":18,"stat.pickup.minecraft.iron_sword":5,"stat.pickup.minecraft.arrow":15,"stat.craftItem.minecraft.iron_nugget":27,"stat.fallOneCm":64812,"stat.pickup.minecraft.melon_seeds":3,"stat.crouchOneCm":84819,"stat.mineBlock.minecraft.chest":2,"stat.pickup.minecraft.rail":29,"stat.craftItem.minecraft.chest":8,"stat.craftItem.minecraft.iron_ingot":84,"stat.pickup.cgm.assault_rifle":1,"stat.craftingTableInteraction":43,"stat.pickup.minecraft.jungle_door":2,"stat.mineBlock.ic2.resource":7,"stat.pickup.minecraft.wooden_pickaxe":1,"stat.pickup.minecraft.feather":5,"stat.killEntity.techguns.ZombieMiner":6,"stat.pickup.minecraft.dye":96,"stat.pickup.minecraft.planks":38,"stat.pickup.minecraft.iron_leggings":3,"stat.pickup.minecraft.wheat_seeds":20,"stat.pickup.techguns.t1_miner_chestplate":3,"stat.mineBlock.minecraft.gravel":13,"stat.useItem.minecraft.stone_pickaxe":370,"stat.mineBlock.minecraft.dirt":91,"stat.useItem.minecraft.torch":150,"stat.useItem.minecraft.bread":1,"stat.pickup.minecraft.golden_apple":1,"stat.pickup.minecraft.crafting_table":1,"stat.useItem.minecraft.cobblestone":152,"stat.mineBlock.techguns.basicore":3,"stat.craftItem.minecraft.crafting_table":1,"stat.craftItem.minecraft.leather_boots":1,"stat.mineBlock.minecraft.double_plant":2,"stat.pickup.minecraft.log":93,"stat.entityKilledBy.botchling":1,"stat.mineBlock.galacticraftcore.basic_block_core":6,"stat.pickup.minecraft.iron_pickaxe":4,"stat.pickup.minecraft.chicken":5,"stat.pickup.minecraft.sapling":9,"stat.pickup.minecraft.apple":9,"stat.craftItem.minecraft.planks":368,"stat.useItem.minecraft.iron_sword":75,"stat.craftItem.galacticraftplanets.carbon_fragments":8,"stat.mineBlock.minecraft.log":93,"stat.craftItem.minecraft.cooked_chicken":2,"stat.pickup.minecraft.red_flower":6,"stat.sneakTime":31077,"stat.pickup.minecraft.wool":1,"stat.pickup.minecraft.yellow_flower":2,"stat.pickup.minecraft.golden_rail":2,"stat.pickup.minecraft.chest":3,"stat.craftItem.minecraft.leather_leggings":1,"stat.pickup.immersiveengineering.ore":8,"stat.pickup.minecraft.bone":11,"stat.mineBlock.minecraft.cobblestone":19,"stat.pickup.minecraft.stone_pickaxe":1,"stat.pickup.minecraft.flint":7,"stat.mineBlock.minecraft.yellow_flower":1,"stat.swimOneCm":57324,"stat.climbOneCm":19952,"stat.pickup.capsule.capsule":3,"stat.pickup.minecraft.cooked_porkchop":4,"stat.useItem.minecraft.dirt":51,"stat.useItem.minecraft.stone_slab2":84,"stat.pickup.minecraft.iron_boots":2,"stat.craftItem.minecraft.furnace":2,"stat.killEntity.botchling":1,"stat.craftItem.minecraft.trapdoor":2,"stat.craftItem.minecraft.stone_pickaxe":2,"stat.pickup.minecraft.cobblestone":2145,"stat.flyOneCm":271497,"stat.pickup.minecraft.redstone":11,"stat.mineBlock.minecraft.iron_ore":118,"stat.timeSinceDeath":16739,"stat.useItem.minecraft.sign":3,"stat.pickup.minecraft.mutton":2,"stat.killEntity.Bat":1,"stat.pickup.cgm.basic_ammo":96,"stat.pickup.minecraft.chainmail_helmet":1,"stat.entityKilledBy.zombiealien":3,"stat.pickup.galacticraftcore.basic_block_core":23,"stat.useItem.minecraft.cooked_porkchop":2,"stat.mineBlock.minecraft.coal_ore":63,"stat.killEntity.Creeper":1,"stat.pickup.minecraft.shield":3,"stat.pickup.minecraft.string":11,"stat.entityKilledBy.Skeleton":6,"stat.craftItem.minecraft.stone_slab2":0,"stat.killEntity.Squid":2,"stat.sprintOneCm":570527,"stat.craftItem.minecraft.stick":112,"stat.pickup.ic2.resource":15,"stat.craftItem.techguns.t2_beret":1,"stat.pickup.techguns.t1_miner_leggings":2,"stat.mineBlock.minecraft.crafting_table":1,"stat.useItem.minecraft.wooden_shovel":25,"stat.pickup.minecraft.leather_leggings":1,"stat.entityKilledBy.Creeper":1,"stat.drop":5,"stat.craftItem.minecraft.leather_chestplate":1,"stat.killEntity.Sheep":1,"stat.craftItem.hammertime.itemhammeriron":2,"stat.useItem.minecraft.ladder":9,"stat.killEntity.Zombie":6,"stat.craftItem.minecraft.dye":10,"stat.mineBlock.minecraft.gold_ore":17,"stat.diveOneCm":21775,"stat.pickup.minecraft.wheat":19,"stat.craftItem.minecraft.ladder":12,"stat.pickup.cgm.scope":1,"stat.pickup.minecraft.gravel":57,"stat.craftItem.minecraft.cooked_porkchop":6,"stat.pickup.minecraft.stone_axe":3,"stat.pickup.byg.soapstone":1,"stat.jump":3520,"stat.pickup.minecraft.coal":156,"stat.pickup.minecraft.iron_ingot":68,"stat.useItem.minecraft.stone_axe":96,"stat.pickup.minecraft.gunpowder":24,"stat.craftItem.minecraft.bread":4,"stat.entityKilledBy.CaveSpider":1,"stat.entityKilledBy.striga":1,"stat.craftItem.minecraft.torch":104,"stat.pickup.minecraft.dirt":110,"stat.useItem.minecraft.cooked_chicken":1,"stat.pickup.minecraft.iron_ore":190,"stat.pickup.minecraft.gold_ore":37,"stat.useItem.minecraft.sapling":2,"stat.mineBlock.minecraft.lapis_ore":12,"stat.damageTaken":10136,"stat.pickup.minecraft.leather":8,"stat.mineBlock.minecraft.red_flower":6,"stat.mineBlock.minecraft.torch":57,"stat.mineBlock.minecraft.furnace":1,"stat.useItem.minecraft.wooden_pickaxe":67,"stat.entityKilledBy.Zombie":1,"stat.damageDealt":2526,"stat.pickup.hammertime.itemhammeriron":4,"stat.sleepInBed":6,"stat.pickup.minecraft.minecart":1,"stat.killEntity.Pig":6,"stat.killEntity.zombiealien":2,"stat.pickup.techguns.itemshared":98,"stat.walkOneCm":877916,"stat.useItem.minecraft.chest":4,"stat.pickup.techguns.t1_miner_boots":5,"stat.pickup.galacticraftcore.basic_item":6,"stat.pickup.minecraft.stone":117,"stat.killEntity.Skeleton":3,"stat.craftItem.techguns.itemshared":33,"stat.mineBlock.byg.soapstone":1,"stat.killEntity.Chicken":2,"stat.pickup.minecraft.bread":106,"stat.mobKills":48,"stat.pickup.minecraft.diamond":2,"stat.entityKilledBy.transformedbotchling":1,"stat.mineBlock.minecraft.leaves":100,"stat.pickup.minecraft.beetroot_seeds":2,"stat.pickup.minecraft.torch":112,"stat.mineBlock.minecraft.stone":796}