{"stat.pickup.immersiveengineering.ore":5,"stat.pickup.minecraft.bone":6,"stat.leaveGame":13,"stat.mineBlock.minecraft.cobblestone":9,"stat.pickup.minecraft.flint":5,"stat.entityKilledBy.techguns.ZombieMiner":23,"stat.mineBlock.minecraft.yellow_flower":1,"stat.pickup.gravestone.death_info":17,"stat.entityKilledBy.techguns.ZombieFarmer":6,"stat.swimOneCm":31755,"stat.climbOneCm":10025,"stat.mineBlock.minecraft.web":4,"stat.pickup.capsule.capsule":2,"stat.pickup.minecraft.cooked_porkchop":4,"stat.pickup.minecraft.porkchop":12,"stat.mineBlock.gravestone.gravestone":5,"stat.useItem.minecraft.dirt":44,"stat.useItem.minecraft.stone_slab2":53,"stat.pickup.minecraft.iron_boots":2,"stat.pickup.minecraft.rotten_flesh":13,"stat.pickup.minecraft.sand":65,"stat.craftItem.minecraft.furnace":1,"stat.entityKilledBy.Spider":3,"stat.craftItem.minecraft.stone_axe":1,"stat.craftItem.minecraft.trapdoor":2,"stat.craftItem.minecraft.stone_pickaxe":2,"stat.pickup.techguns.t2_beret":1,"stat.pickup.minecraft.cobblestone":1125,"stat.flyOneCm":141174,"stat.mineBlock.minecraft.sand":65,"stat.killEntity.techguns.ZombieFarmer":6,"stat.mineBlock.minecraft.iron_ore":8,"stat.timeSinceDeath":17338,"stat.useItem.minecraft.iron_pickaxe":59,"stat.useItem.minecraft.sign":3,"stat.craftItem.minecraft.wooden_pickaxe":2,"stat.pickup.minecraft.mutton":2,"stat.pickup.minecraft.double_plant":1,"stat.drop.gravestone.death_info":2,"stat.pickup.minecraft.chainmail_helmet":1,"stat.pickup.techguns.basicore":16,"stat.entityKilledBy.zombiealien":3,"stat.furnaceInteraction":13,"stat.pickup.galacticraftcore.basic_block_core":23,"stat.useItem.minecraft.cooked_porkchop":2,"stat.mineBlock.minecraft.coal_ore":47,"stat.pickup.minecraft.string":7,"stat.pickup.minecraft.furnace":1,"stat.entityKilledBy.Skeleton":5,"stat.craftItem.minecraft.stone_slab2":0,"stat.useItem.minecraft.trapdoor":1,"stat.sprintOneCm":253600,"stat.craftItem.minecraft.stick":88,"stat.pickup.ic2.resource":8,"stat.craftItem.techguns.t2_beret":1,"stat.pickup.techguns.t1_miner_leggings":1,"stat.mineBlock.minecraft.crafting_table":1,"stat.useItem.minecraft.wooden_shovel":25,"stat.entityKilledBy.Creeper":1,"stat.deaths":48,"stat.drop":2,"stat.pickup.minecraft.egg":1,"stat.playOneMinute":206769,"stat.craftItem.minecraft.wooden_shovel":1,"stat.killEntity.Sheep":1,"stat.pickup.techguns.t1_miner_helmet":1,"stat.useItem.minecraft.ladder":9,"stat.craftItem.minecraft.iron_pickaxe":1,"stat.killEntity.Zombie":4,"stat.mineBlock.minecraft.tallgrass":14,"stat.craftItem.minecraft.cooked_mutton":2,"stat.diveOneCm":7962,"stat.pickup.minecraft.wheat":19,"stat.pickup.minecraft.cooked_mutton":1,"stat.chestOpened":121,"stat.craftItem.minecraft.ladder":12,"stat.craftItem.minecraft.sign":6,"stat.useItem.minecraft.stone":6,"stat.pickup.minecraft.iron_sword":3,"stat.pickup.minecraft.arrow":8,"stat.craftItem.minecraft.cooked_porkchop":6,"stat.pickup.minecraft.stone_axe":2,"stat.jump":2122,"stat.pickup.minecraft.coal":89,"stat.fallOneCm":48931,"stat.pickup.minecraft.iron_ingot":60,"stat.useItem.minecraft.stone_axe":44,"stat.pickup.minecraft.gunpowder":9,"stat.crouchOneCm":36440,"stat.entityKilledBy.striga":1,"stat.mineBlock.minecraft.chest":2,"stat.craftItem.minecraft.chest":8,"stat.craftItem.minecraft.torch":32,"stat.pickup.minecraft.dirt":82,"stat.useItem.minecraft.cooked_chicken":1,"stat.craftingTableInteraction":34,"stat.pickup.minecraft.iron_ore":33,"stat.pickup.minecraft.jungle_door":2,"stat.pickup.minecraft.gold_ore":13,"stat.pickup.minecraft.wooden_pickaxe":1,"stat.damageTaken":9153,"stat.pickup.minecraft.leather":7,"stat.pickup.minecraft.feather":2,"stat.mineBlock.minecraft.red_flower":6,"stat.mineBlock.minecraft.torch":14,"stat.mineBlock.minecraft.furnace":1,"stat.useItem.minecraft.wooden_pickaxe":67,"stat.pickup.minecraft.planks":38,"stat.pickup.minecraft.iron_leggings":1,"stat.pickup.minecraft.wheat_seeds":18,"stat.pickup.techguns.t1_miner_chestplate":1,"stat.entityKilledBy.Zombie":1,"stat.useItem.minecraft.stone_pickaxe":335,"stat.damageDealt":1314,"stat.pickup.hammertime.itemhammeriron":2,"stat.sleepInBed":1,"stat.mineBlock.minecraft.dirt":69,"stat.killEntity.Pig":2,"stat.killEntity.zombiealien":2,"stat.pickup.techguns.itemshared":13,"stat.walkOneCm":449545,"stat.useItem.minecraft.torch":24,"stat.useItem.minecraft.bread":1,"stat.useItem.minecraft.chest":4,"stat.pickup.minecraft.crafting_table":1,"stat.pickup.techguns.t1_miner_boots":3,"stat.useItem.minecraft.cobblestone":14,"stat.craftItem.minecraft.crafting_table":1,"stat.pickup.minecraft.log":55,"stat.pickup.minecraft.stone":68,"stat.pickup.minecraft.chicken":4,"stat.pickup.minecraft.sapling":5,"stat.pickup.minecraft.apple":8,"stat.killEntity.Skeleton":2,"stat.craftItem.techguns.itemshared":1,"stat.craftItem.minecraft.planks":216,"stat.useItem.minecraft.iron_sword":30,"stat.killEntity.Chicken":1,"stat.pickup.minecraft.bread":31,"stat.mobKills":22,"stat.mineBlock.minecraft.log":55,"stat.craftItem.minecraft.cooked_chicken":2,"stat.pickup.minecraft.diamond":2,"stat.entityKilledBy.transformedbotchling":1,"stat.mineBlock.minecraft.leaves":79,"stat.pickup.minecraft.torch":18,"stat.pickup.minecraft.red_flower":6,"stat.sneakTime":17086,"stat.pickup.minecraft.wool":1,"stat.pickup.minecraft.yellow_flower":2,"stat.mineBlock.minecraft.stone":398,"stat.pickup.minecraft.chest":2}