{"stat.leaveGame":15,"stat.entityKilledBy.techguns.ZombieMiner":24,"stat.pickup.gravestone.death_info":20,"stat.entityKilledBy.techguns.ZombieFarmer":7,"stat.craftItem.minecraft.shield":1,"stat.mineBlock.minecraft.web":8,"stat.mineBlock.immersiveengineering.ore":3,"stat.pickup.minecraft.porkchop":20,"stat.mineBlock.gravestone.gravestone":10,"stat.pickup.minecraft.rotten_flesh":19,"stat.pickup.minecraft.sand":114,"stat.entityKilledBy.Spider":3,"stat.craftItem.minecraft.stone_axe":1,"stat.pickup.techguns.t2_beret":4,"stat.pickup.minecraft.leather_boots":2,"stat.mineBlock.minecraft.sand":114,"stat.killEntity.techguns.ZombieFarmer":15,"stat.useItem.minecraft.iron_pickaxe":629,"stat.craftItem.minecraft.wooden_pickaxe":2,"stat.pickup.minecraft.double_plant":6,"stat.pickup.minecraft.armor_stand":2,"stat.craftItem.minecraft.glass_pane":16,"stat.drop.gravestone.death_info":4,"stat.pickup.techguns.basicore":30,"stat.furnaceInteraction":55,"stat.mineBlock.minecraft.rail":16,"stat.craftItem.minecraft.leather_helmet":1,"stat.pickup.minecraft.furnace":1,"stat.pickup.minecraft.leather_helmet":2,"stat.useItem.minecraft.trapdoor":1,"stat.deaths":54,"stat.pickup.minecraft.egg":2,"stat.playOneMinute":348506,"stat.craftItem.minecraft.wooden_shovel":1,"stat.pickup.techguns.handcannon":5,"stat.pickup.techguns.t1_miner_helmet":1,"stat.craftItem.minecraft.iron_pickaxe":2,"stat.drop.minecraft.torch":1,"stat.mineBlock.minecraft.tallgrass":14,"stat.craftItem.minecraft.cooked_mutton":2,"stat.pickup.minecraft.cooked_mutton":3,"stat.chestOpened":246,"stat.craftItem.minecraft.sign":6,"stat.useItem.minecraft.stone":18,"stat.pickup.minecraft.iron_sword":6,"stat.pickup.minecraft.arrow":15,"stat.craftItem.minecraft.iron_nugget":27,"stat.fallOneCm":66703,"stat.pickup.minecraft.melon_seeds":3,"stat.crouchOneCm":85844,"stat.mineBlock.minecraft.chest":2,"stat.pickup.minecraft.rail":58,"stat.craftItem.minecraft.chest":8,"stat.craftItem.minecraft.iron_ingot":84,"stat.pickup.cgm.assault_rifle":1,"stat.craftingTableInteraction":43,"stat.pickup.minecraft.jungle_door":2,"stat.mineBlock.ic2.resource":7,"stat.pickup.minecraft.wooden_pickaxe":1,"stat.pickup.minecraft.feather":5,"stat.killEntity.techguns.ZombieMiner":8,"stat.pickup.minecraft.dye":98,"stat.pickup.minecraft.planks":39,"stat.pickup.minecraft.iron_leggings":4,"stat.pickup.minecraft.wheat_seeds":21,"stat.pickup.techguns.t1_miner_chestplate":4,"stat.mineBlock.minecraft.gravel":18,"stat.useItem.minecraft.stone_pickaxe":370,"stat.mineBlock.minecraft.dirt":94,"stat.useItem.minecraft.torch":156,"stat.useItem.minecraft.bread":1,"stat.pickup.minecraft.golden_apple":1,"stat.pickup.minecraft.crafting_table":1,"stat.useItem.minecraft.cobblestone":183,"stat.mineBlock.techguns.basicore":3,"stat.craftItem.minecraft.crafting_table":1,"stat.craftItem.minecraft.leather_boots":1,"stat.mineBlock.minecraft.double_plant":2,"stat.pickup.minecraft.log":93,"stat.entityKilledBy.botchling":1,"stat.mineBlock.galacticraftcore.basic_block_core":6,"stat.pickup.minecraft.iron_pickaxe":7,"stat.pickup.minecraft.chicken":5,"stat.pickup.minecraft.chainmail_leggings":2,"stat.pickup.minecraft.sapling":9,"stat.pickup.minecraft.apple":10,"stat.craftItem.minecraft.planks":368,"stat.useItem.minecraft.iron_sword":84,"stat.craftItem.galacticraftplanets.carbon_fragments":8,"stat.mineBlock.minecraft.log":93,"stat.craftItem.minecraft.cooked_chicken":2,"stat.pickup.minecraft.red_flower":6,"stat.sneakTime":31763,"stat.pickup.minecraft.wool":1,"stat.pickup.minecraft.yellow_flower":2,"stat.pickup.minecraft.golden_rail":4,"stat.pickup.minecraft.chest":4,"stat.craftItem.minecraft.leather_leggings":1,"stat.pickup.immersiveengineering.ore":10,"stat.pickup.minecraft.bone":11,"stat.mineBlock.minecraft.cobblestone":22,"stat.pickup.minecraft.stone_pickaxe":1,"stat.pickup.minecraft.flint":7,"stat.mineBlock.minecraft.yellow_flower":1,"stat.pickup.minecraft.leather_chestplate":1,"stat.swimOneCm":58643,"stat.climbOneCm":19952,"stat.pickup.capsule.capsule":3,"stat.pickup.minecraft.cooked_porkchop":4,"stat.useItem.minecraft.dirt":53,"stat.useItem.minecraft.stone_slab2":88,"stat.pickup.minecraft.iron_boots":2,"stat.craftItem.minecraft.furnace":2,"stat.killEntity.botchling":1,"stat.craftItem.minecraft.trapdoor":2,"stat.craftItem.minecraft.stone_pickaxe":2,"stat.pickup.minecraft.cobblestone":2191,"stat.flyOneCm":291575,"stat.pickup.minecraft.redstone":15,"stat.mineBlock.minecraft.iron_ore":118,"stat.timeSinceDeath":7827,"stat.useItem.minecraft.sign":3,"stat.pickup.minecraft.mutton":2,"stat.killEntity.Bat":1,"stat.pickup.cgm.basic_ammo":96,"stat.pickup.minecraft.chainmail_helmet":1,"stat.entityKilledBy.zombiealien":3,"stat.pickup.galacticraftcore.basic_block_core":23,"stat.useItem.minecraft.cooked_porkchop":2,"stat.mineBlock.minecraft.coal_ore":63,"stat.killEntity.Creeper":1,"stat.pickup.minecraft.shield":6,"stat.pickup.minecraft.string":12,"stat.entityKilledBy.Skeleton":6,"stat.craftItem.minecraft.stone_slab2":0,"stat.killEntity.Squid":2,"stat.sprintOneCm":615167,"stat.craftItem.minecraft.stick":112,"stat.pickup.ic2.resource":22,"stat.craftItem.techguns.t2_beret":1,"stat.pickup.techguns.t1_miner_leggings":2,"stat.mineBlock.minecraft.crafting_table":1,"stat.useItem.minecraft.wooden_shovel":25,"stat.pickup.minecraft.leather_leggings":2,"stat.entityKilledBy.Creeper":1,"stat.drop":5,"stat.craftItem.minecraft.leather_chestplate":1,"stat.killEntity.Sheep":1,"stat.craftItem.hammertime.itemhammeriron":2,"stat.useItem.minecraft.ladder":9,"stat.killEntity.Zombie":6,"stat.craftItem.minecraft.dye":10,"stat.mineBlock.minecraft.gold_ore":17,"stat.diveOneCm":21775,"stat.pickup.minecraft.wheat":19,"stat.craftItem.minecraft.ladder":12,"stat.pickup.cgm.scope":1,"stat.pickup.minecraft.gravel":58,"stat.craftItem.minecraft.cooked_porkchop":6,"stat.pickup.minecraft.stone_axe":3,"stat.pickup.byg.soapstone":1,"stat.jump":3673,"stat.pickup.minecraft.coal":168,"stat.pickup.minecraft.iron_ingot":68,"stat.useItem.minecraft.stone_axe":96,"stat.pickup.minecraft.gunpowder":24,"stat.craftItem.minecraft.bread":4,"stat.entityKilledBy.CaveSpider":1,"stat.entityKilledBy.striga":1,"stat.craftItem.minecraft.torch":104,"stat.pickup.minecraft.dirt":113,"stat.useItem.minecraft.cooked_chicken":1,"stat.pickup.minecraft.iron_ore":238,"stat.pickup.minecraft.gold_ore":43,"stat.useItem.minecraft.sapling":2,"stat.mineBlock.minecraft.lapis_ore":12,"stat.damageTaken":10610,"stat.pickup.minecraft.leather":14,"stat.mineBlock.minecraft.red_flower":6,"stat.mineBlock.minecraft.torch":58,"stat.mineBlock.minecraft.furnace":1,"stat.useItem.minecraft.wooden_pickaxe":67,"stat.entityKilledBy.Zombie":1,"stat.damageDealt":2755,"stat.pickup.hammertime.itemhammeriron":6,"stat.sleepInBed":6,"stat.pickup.minecraft.minecart":2,"stat.killEntity.Pig":6,"stat.killEntity.zombiealien":3,"stat.pickup.techguns.itemshared":120,"stat.walkOneCm":913109,"stat.useItem.minecraft.chest":4,"stat.pickup.techguns.t1_miner_boots":6,"stat.pickup.galacticraftcore.basic_item":12,"stat.pickup.minecraft.stone":125,"stat.killEntity.Skeleton":3,"stat.craftItem.techguns.itemshared":33,"stat.mineBlock.byg.soapstone":1,"stat.killEntity.Chicken":2,"stat.pickup.minecraft.bread":143,"stat.mobKills":55,"stat.useItem.minecraft.golden_apple":1,"stat.pickup.minecraft.diamond":2,"stat.entityKilledBy.transformedbotchling":1,"stat.mineBlock.minecraft.leaves":100,"stat.pickup.minecraft.beetroot_seeds":2,"stat.pickup.minecraft.torch":120,"stat.mineBlock.minecraft.stone":797}