{"stat.craftItem.buildcraftcore.marker_volume":4,"stat.leaveGame":8,"stat.entityKilledBy.techguns.ZombieMiner":44,"stat.mineBlock.ic2.rubber_wood":24,"stat.pickup.gravestone.death_info":243,"stat.drop.minecraft.shield":1,"stat.entityKilledBy.techguns.ZombieFarmer":6,"stat.useItem.minecraft.planks":3,"stat.mineBlock.minecraft.web":90,"stat.drop.minecraft.feather":2,"stat.pickup.minecraft.glowstone_dust":3,"stat.mineBlock.immersiveengineering.ore":3,"stat.pickup.minecraft.porkchop":2,"stat.pickup.minecraft.glass":85,"stat.mineBlock.gravestone.gravestone":125,"stat.useItem.minecraft.water_bucket":3,"stat.drop.minecraft.iron_sword":1,"stat.craftItem.techguns.t1_miner_chestplate":1,"stat.pickup.minecraft.rotten_flesh":111,"stat.pickup.minecraft.sand":20,"stat.craftItem.minecraft.golden_apple":1,"stat.entityKilledBy.Spider":1,"stat.craftItem.minecraft.stone_axe":3,"stat.useItem.minecraft.birch_boat":1,"stat.pickup.minecraft.bucket":35,"stat.pickup.minecraft.wooden_hoe":1,"stat.craftItem.buildcraftcore.gear_diamond":2,"stat.entityKilledBy.techguns.ZombieSoldier":9,"stat.craftItem.minecraft.stone_sword":5,"stat.mineBlock.minecraft.sand":1,"stat.mineBlock.byg.scoria":24,"stat.killEntity.techguns.ZombieFarmer":20,"stat.pickup.treasure2.gravestone3_obsidian":2,"stat.useItem.minecraft.iron_pickaxe":942,"stat.craftItem.minecraft.wooden_pickaxe":2,"stat.drop.minecraft.cooked_mutton":4,"stat.craftItem.minecraft.bed":1,"stat.trappedChestTriggered":1,"stat.drop.gravestone.death_info":156,"stat.pickup.techguns.basicore":13,"stat.furnaceInteraction":84,"stat.drop.minecraft.gravel":10,"stat.killEntity.ZombieVillager":1,"stat.pickup.minecraft.wooden_button":4,"stat.pickup.minecraft.beef":10,"stat.pickup.minecraft.furnace":4,"stat.useItem.minecraft.cooked_mutton":3,"stat.pickup.hammertime.itemshovelstone":3,"stat.pickup.minecraft.iron_chestplate":21,"stat.drop.byg.scoria":4,"stat.mineBlock.minecraft.fence":1,"stat.useItem.minecraft.flint_and_steel":1,"stat.useItem.minecraft.wheat_seeds":13,"stat.mineBlock.ic2.leaves":5,"stat.deaths":170,"stat.playOneMinute":555998,"stat.pickup.techguns.handcannon":27,"stat.drop.minecraft.string":1,"stat.pickup.techguns.t1_miner_helmet":11,"stat.craftItem.minecraft.iron_pickaxe":3,"stat.drop.techguns.handcannon":3,"stat.mineBlock.treasure2.gravestone3_spawner_obsidian":3,"stat.craftItem.byg.palm_planks":4,"stat.entityKilledBy.techguns.ZombiePigmanSoldier":2,"stat.drop.minecraft.torch":2,"stat.craftItem.minecraft.cooked_mutton":8,"stat.mineBlock.minecraft.tallgrass":14,"stat.pickup.minecraft.cooked_mutton":103,"stat.chestOpened":40,"stat.useItem.minecraft.stone":28,"stat.pickup.minecraft.arrow":23,"stat.pickup.minecraft.iron_sword":12,"stat.pickup.techguns.t1_combat_leggings":2,"stat.drop.minecraft.flint":6,"stat.drop.minecraft.iron_pickaxe":1,"stat.craftItem.buildcraftcore.gear_gold":4,"stat.pickup.byg.tamrelitegem":1,"stat.fallOneCm":100401,"stat.craftItem.buildcraftbuilders.quarry":1,"stat.pickup.minecraft.carrot":219,"stat.pickup.mutantbeasts.mutant_skeleton_skull":1,"stat.crouchOneCm":6478,"stat.entityKilledBy.techguns.Bandit":10,"stat.craftItem.minecraft.chest":1,"stat.craftItem.minecraft.iron_ingot":36,"stat.entityKilledBy.techguns.CyberDemon":1,"stat.pickup.cgm.assault_rifle":16,"stat.craftingTableInteraction":64,"stat.drop.minecraft.concrete_powder":5,"stat.pickup.techguns.revolver":2,"stat.mineBlock.ic2.resource":11,"stat.drop.byg.soapstone":1,"stat.pickup.minecraft.wooden_pickaxe":6,"stat.killEntity.techguns.Bandit":3,"stat.pickup.minecraft.feather":9,"stat.drop.minecraft.bone":4,"stat.craftItem.minecraft.wooden_button":1,"stat.killEntity.techguns.ZombieMiner":18,"stat.craftItem.buildcraftcore.gear_iron":11,"stat.pickup.minecraft.dye":278,"stat.pickup.minecraft.planks":114,"stat.pickup.minecraft.iron_leggings":27,"stat.pickup.minecraft.wheat_seeds":194,"stat.pickup.techguns.t1_miner_chestplate":10,"stat.mineBlock.minecraft.gravel":40,"stat.useItem.minecraft.stone_pickaxe":198,"stat.useItem.minecraft.stone_sword":138,"stat.craftItem.buildcraftcore.gear_stone":15,"stat.mineBlock.minecraft.dirt":78,"stat.craftItem.minecraft.golden_pickaxe":1,"stat.mineBlock.minecraft.quartz_stairs":2,"stat.useItem.minecraft.torch":189,"stat.mineBlock.treasure2.gravestone2_spawner_cobblestone":1,"stat.useItem.minecraft.bread":3,"stat.pickup.minecraft.iron_nugget":5,"stat.drop.minecraft.rotten_flesh":1,"stat.pickup.minecraft.crafting_table":3,"stat.useItem.minecraft.cobblestone":367,"stat.mineBlock.techguns.basicore":5,"stat.craftItem.minecraft.crafting_table":3,"stat.useItem.minecraft.gravel":10,"stat.pickup.minecraft.iron_hoe":1,"stat.mineBlock.buildcrafttransport.pipe_iron_item":3,"stat.pickup.minecraft.log":162,"stat.mineBlock.galacticraftcore.basic_block_core":12,"stat.pickup.minecraft.iron_pickaxe":21,"stat.craftItem.hammertime.itemhammerstone":1,"stat.pickup.minecraft.chicken":9,"stat.pickup.minecraft.sapling":2,"stat.pickup.minecraft.wooden_door":1,"stat.pickup.minecraft.apple":14,"stat.pickup.minecraft.beetroot":120,"stat.craftItem.minecraft.bucket":3,"stat.craftItem.minecraft.planks":120,"stat.useItem.minecraft.iron_sword":134,"stat.pickup.minecraft.stone_sword":29,"stat.mineBlock.minecraft.log":55,"stat.drop.buildcraftbuilders.quarry":1,"stat.pickup.mutantbeasts.mutant_skeleton_limb":1,"stat.sneakTime":5800,"stat.pickup.minecraft.wool":6,"stat.drop.minecraft.bucket":1,"stat.useItem.minecraft.wooden_axe":5,"stat.pickup.immersiveengineering.ore":2,"stat.pickup.minecraft.bone":16,"stat.mineBlock.minecraft.cobblestone":63,"stat.drop.minecraft.glowstone_dust":1,"stat.pickup.minecraft.stone_pickaxe":24,"stat.pickup.minecraft.flint":24,"stat.pickup.buildcrafttransport.pipe_clay_item":225,"stat.craftItem.minecraft.wool":18,"stat.useItem.minecraft.diamond_sword":55,"stat.swimOneCm":131842,"stat.climbOneCm":964,"stat.pickup.capsule.capsule":1,"stat.drop.minecraft.cobblestone":10,"stat.pickup.minecraft.cooked_porkchop":7,"stat.killEntity.techguns.ZombieSoldier":3,"stat.entityKilledBy.mutantbeasts.mutant_zombie":1,"stat.useItem.minecraft.obsidian":10,"stat.useItem.minecraft.dirt":13,"stat.useItem.minecraft.stone_slab2":103,"stat.pickup.minecraft.iron_boots":10,"stat.drop.buildcraftcore.engine":5,"stat.pickup.minecraft.stone_hoe":2,"stat.craftItem.minecraft.furnace":4,"stat.mineBlock.byg.palm_log":4,"stat.pickup.minecraft.golden_axe":11,"stat.pickup.mutantbeasts.mutant_skeleton_leggings":2,"stat.useItem.minecraft.golden_pickaxe":34,"stat.craftItem.minecraft.stone_pickaxe":4,"stat.craftItem.minecraft.cooked_beef":8,"stat.craftItem.buildcrafttransport.pipe_clay_item":64,"stat.pickup.minecraft.cobblestone":2509,"stat.pickup.minecraft.quartz_stairs":1,"stat.mineBlock.buildcraftcore.engine":6,"stat.pickup.minecraft.gold_block":8,"stat.pickup.mutantbeasts.mutant_skeleton_rib":1,"stat.mineBlock.minecraft.clay":28,"stat.flyOneCm":436909,"stat.mineBlock.buildcraftbuilders.quarry":1,"stat.drop.minecraft.wheat_seeds":1,"stat.useItem.minecraft.cooked_beef":1,"stat.pickup.minecraft.golden_pickaxe":3,"stat.pickup.minecraft.redstone":55,"stat.mineBlock.minecraft.iron_ore":93,"stat.timeSinceDeath":4717,"stat.pickup.minecraft.mutton":9,"stat.killEntity.techguns.SkeletonSoldier":6,"stat.drop.minecraft.coal":1,"stat.pickup.cgm.basic_ammo":134,"stat.pickup.minecraft.wooden_axe":1,"stat.pickup.buildcraftcore.engine":28,"stat.pickup.minecraft.chainmail_helmet":10,"stat.entityKilledBy.zombiealien":39,"stat.pickup.minecraft.stonebrick":5,"stat.pickup.galacticraftcore.basic_block_core":19,"stat.drop.minecraft.dirt":5,"stat.mineBlock.minecraft.coal_ore":102,"stat.pickup.minecraft.shield":29,"stat.killEntity.Creeper":1,"stat.pickup.minecraft.string":210,"stat.pickup.buildcraftbuilders.quarry":4,"stat.entityKilledBy.Skeleton":13,"stat.craftItem.minecraft.stone_slab2":0,"stat.useItem.minecraft.golden_axe":7,"stat.sprintOneCm":573305,"stat.drop.minecraft.leather":3,"stat.craftItem.minecraft.stick":152,"stat.craftItem.minecraft.wooden_axe":1,"stat.drop.techguns.basicore":2,"stat.pickup.ic2.resource":38,"stat.craftItem.minecraft.stone":5,"stat.mineBlock.minecraft.diamond_ore":3,"stat.pickup.techguns.t1_miner_leggings":15,"stat.mineBlock.minecraft.crafting_table":2,"stat.mineBlock.minecraft.quartz_block":8,"stat.pickup.mutantbeasts.mutant_skeleton_boots":22,"stat.drop.capsule.capsule":1,"stat.entityKilledBy.Creeper":1,"stat.mineBlock.minecraft.planks":10,"stat.drop.mutantbeasts.mutant_skeleton_skull":1,"stat.drop":247,"stat.killEntity.Sheep":2,"stat.useItem.minecraft.diamond_ore":2,"stat.craftItem.minecraft.diamond_pickaxe":1,"stat.killEntity.Zombie":8,"stat.drop.minecraft.bread":1,"stat.craftItem.minecraft.clay":16,"stat.mineBlock.minecraft.gold_ore":16,"stat.diveOneCm":215011,"stat.pickup.minecraft.wheat":104,"stat.pickup.techguns.t1_scout_leggings":7,"stat.craftItem.minecraft.piston":5,"stat.pickup.minecraft.gravel":121,"stat.craftItem.minecraft.cooked_porkchop":2,"stat.pickup.minecraft.stone_axe":34,"stat.drop.minecraft.cooked_porkchop":1,"stat.pickup.minecraft.diamond_sword":7,"stat.pickup.byg.soapstone":22,"stat.craftItem.minecraft.diamond_sword":1,"stat.jump":4931,"stat.pickup.minecraft.fence":1,"stat.pickup.minecraft.coal":721,"stat.pickup.minecraft.iron_helmet":18,"stat.pickup.minecraft.iron_ingot":107,"stat.craftItem.minecraft.birch_boat":1,"stat.craftItem.minecraft.lever":2,"stat.useItem.minecraft.stone_axe":128,"stat.craftItem.minecraft.bread":5,"stat.entityKilledBy.CaveSpider":5,"stat.pickup.minecraft.gunpowder":67,"stat.craftItem.minecraft.torch":156,"stat.pickup.byg.scoria":115,"stat.pickup.minecraft.dirt":154,"stat.pickup.minecraft.diamond_ore":3,"stat.drop.techguns.t1_miner_leggings":2,"stat.pickup.minecraft.iron_ore":98,"stat.boatOneCm":142449,"stat.pickup.minecraft.gold_ore":14,"stat.mineBlock.minecraft.lapis_ore":4,"stat.entityKilledBy.techguns.SkeletonSoldier":10,"stat.craftItem.minecraft.flint_and_steel":1,"stat.pickup.minecraft.iron_axe":1,"stat.pickup.minecraft.cookie":36,"stat.damageTaken":30315,"stat.pickup.minecraft.leather":15,"stat.useItem.buildcraftcore.marker_volume":4,"stat.mineBlock.minecraft.furnace":1,"stat.mineBlock.minecraft.torch":14,"stat.craftItem.buildcraftcore.engine":5,"stat.useItem.minecraft.wooden_pickaxe":45,"stat.drop.minecraft.water_bucket":1,"stat.pickup.ic2.rubber_wood":24,"stat.pickup.minecraft.reeds":3,"stat.mineBlock.treasure2.gravestone3_polished_andesite":2,"stat.pickup.minecraft.bed":7,"stat.craftItem.buildcraftcore.gear_wood":17,"stat.pickup.buildcraftcore.marker_volume":8,"stat.pickup.minecraft.potato":220,"stat.entityKilledBy.Zombie":7,"stat.damageDealt":12439,"stat.craftItem.minecraft.glass":14,"stat.sleepInBed":11,"stat.pickup.hammertime.itemhammeriron":5,"stat.killEntity.Cow":1,"stat.killEntity.zombiealien":15,"stat.craftItem.minecraft.iron_sword":1,"stat.useItem.buildcraftcore.engine":6,"stat.pickup.treasure2.gravestone2_cobblestone":1,"stat.drop.techguns.itemshared":3,"stat.pickup.techguns.itemshared":252,"stat.walkOneCm":1551697,"stat.playerKills":9,"stat.drop.minecraft.wheat":2,"stat.pickup.minecraft.stick":2,"stat.pickup.techguns.t1_miner_boots":9,"stat.pickup.minecraft.clay_ball":320,"stat.craftItem.firstaid.plaster":9,"stat.useItem.minecraft.lava_bucket":3,"stat.pickup.byg.cookedcarrot":8,"stat.pickup.hammertime.itemhammerstone":9,"stat.drop.minecraft.iron_chestplate":1,"stat.pickup.minecraft.stone":220,"stat.craftItem.minecraft.iron_chestplate":1,"stat.useItem.buildcrafttransport.pipe_clay_item":25,"stat.drop.firstaid.plaster":2,"stat.pickup.minecraft.cooked_beef":46,"stat.killEntity.Skeleton":5,"stat.pickup.treasure2.gravestone3_polished_andesite":1,"stat.pickup.byg.palm_log":4,"stat.craftItem.techguns.itemshared":5,"stat.mineBlock.minecraft.stonebrick":5,"stat.mineBlock.byg.soapstone":12,"stat.pickup.minecraft.bread":559,"stat.pickup.minecraft.concrete_powder":15,"stat.mobKills":83,"stat.pickup.randomthings.glowingmushroom":5,"stat.mineBlock.buildcraftcore.marker_volume":2,"stat.pickup.minecraft.water_bucket":1,"stat.pickup.minecraft.diamond":20,"stat.entityKilledBy.transformedbotchling":1,"stat.mineBlock.minecraft.leaves":6,"stat.pickup.minecraft.torch":525,"stat.pickup.minecraft.lava_bucket":4,"stat.drop.minecraft.stone_axe":1,"stat.craftItem.galacticraftcore.basic_item":18,"stat.mineBlock.minecraft.stone":783}