{"stat.pickup.immersiveengineering.ore":2,"stat.pickup.minecraft.bone":8,"stat.craftItem.buildcraftcore.marker_volume":4,"stat.leaveGame":2,"stat.mineBlock.minecraft.cobblestone":33,"stat.pickup.minecraft.stone_pickaxe":7,"stat.pickup.minecraft.flint":11,"stat.entityKilledBy.techguns.ZombieMiner":22,"stat.mineBlock.ic2.rubber_wood":24,"stat.pickup.buildcrafttransport.pipe_clay_item":3,"stat.craftItem.minecraft.wool":18,"stat.useItem.minecraft.diamond_sword":7,"stat.pickup.gravestone.death_info":83,"stat.drop.minecraft.shield":1,"stat.entityKilledBy.techguns.ZombieFarmer":6,"stat.swimOneCm":127138,"stat.useItem.minecraft.planks":3,"stat.climbOneCm":964,"stat.mineBlock.minecraft.web":90,"stat.pickup.capsule.capsule":1,"stat.drop.minecraft.cobblestone":1,"stat.pickup.minecraft.cooked_porkchop":7,"stat.drop.minecraft.feather":2,"stat.pickup.minecraft.glowstone_dust":2,"stat.killEntity.techguns.ZombieSoldier":2,"stat.mineBlock.immersiveengineering.ore":3,"stat.pickup.minecraft.porkchop":2,"stat.pickup.minecraft.glass":46,"stat.mineBlock.gravestone.gravestone":32,"stat.useItem.minecraft.dirt":13,"stat.useItem.minecraft.stone_slab2":60,"stat.useItem.minecraft.water_bucket":3,"stat.drop.buildcraftcore.engine":5,"stat.craftItem.techguns.t1_miner_chestplate":1,"stat.pickup.minecraft.rotten_flesh":23,"stat.pickup.minecraft.sand":20,"stat.pickup.minecraft.stone_hoe":2,"stat.craftItem.minecraft.furnace":4,"stat.mineBlock.byg.palm_log":4,"stat.entityKilledBy.Spider":1,"stat.pickup.minecraft.golden_axe":4,"stat.craftItem.minecraft.stone_axe":2,"stat.pickup.mutantbeasts.mutant_skeleton_leggings":1,"stat.useItem.minecraft.birch_boat":1,"stat.useItem.minecraft.golden_pickaxe":34,"stat.pickup.minecraft.bucket":9,"stat.craftItem.minecraft.stone_pickaxe":2,"stat.craftItem.minecraft.cooked_beef":8,"stat.craftItem.buildcrafttransport.pipe_clay_item":64,"stat.pickup.minecraft.cobblestone":1413,"stat.pickup.minecraft.quartz_stairs":1,"stat.pickup.minecraft.wooden_hoe":1,"stat.mineBlock.buildcraftcore.engine":6,"stat.pickup.minecraft.gold_block":8,"stat.pickup.mutantbeasts.mutant_skeleton_rib":1,"stat.craftItem.buildcraftcore.gear_diamond":2,"stat.mineBlock.minecraft.clay":28,"stat.entityKilledBy.techguns.ZombieSoldier":1,"stat.craftItem.minecraft.stone_sword":3,"stat.flyOneCm":361416,"stat.mineBlock.buildcraftbuilders.quarry":1,"stat.mineBlock.minecraft.sand":1,"stat.mineBlock.byg.scoria":24,"stat.drop.minecraft.wheat_seeds":1,"stat.useItem.minecraft.cooked_beef":1,"stat.killEntity.techguns.ZombieFarmer":11,"stat.pickup.treasure2.gravestone3_obsidian":2,"stat.pickup.minecraft.golden_pickaxe":3,"stat.pickup.minecraft.redstone":46,"stat.mineBlock.minecraft.iron_ore":93,"stat.timeSinceDeath":17805,"stat.useItem.minecraft.iron_pickaxe":922,"stat.craftItem.minecraft.wooden_pickaxe":2,"stat.pickup.minecraft.mutton":9,"stat.drop.minecraft.cooked_mutton":4,"stat.killEntity.techguns.SkeletonSoldier":4,"stat.craftItem.minecraft.bed":1,"stat.drop.minecraft.coal":1,"stat.trappedChestTriggered":1,"stat.drop.gravestone.death_info":81,"stat.pickup.cgm.basic_ammo":134,"stat.pickup.minecraft.wooden_axe":1,"stat.pickup.buildcraftcore.engine":24,"stat.pickup.techguns.basicore":5,"stat.entityKilledBy.zombiealien":5,"stat.pickup.minecraft.stonebrick":5,"stat.furnaceInteraction":63,"stat.drop.minecraft.gravel":8,"stat.pickup.galacticraftcore.basic_block_core":11,"stat.drop.minecraft.dirt":5,"stat.killEntity.ZombieVillager":1,"stat.mineBlock.minecraft.coal_ore":102,"stat.pickup.minecraft.wooden_button":3,"stat.pickup.minecraft.shield":17,"stat.killEntity.Creeper":1,"stat.pickup.minecraft.string":206,"stat.pickup.minecraft.beef":10,"stat.pickup.minecraft.furnace":4,"stat.useItem.minecraft.cooked_mutton":1,"stat.pickup.buildcraftbuilders.quarry":4,"stat.entityKilledBy.Skeleton":6,"stat.sprintOneCm":305770,"stat.pickup.minecraft.iron_chestplate":10,"stat.craftItem.minecraft.stick":152,"stat.craftItem.minecraft.wooden_axe":1,"stat.drop.techguns.basicore":1,"stat.pickup.ic2.resource":11,"stat.mineBlock.minecraft.diamond_ore":3,"stat.mineBlock.minecraft.fence":1,"stat.useItem.minecraft.wheat_seeds":13,"stat.pickup.techguns.t1_miner_leggings":10,"stat.mineBlock.minecraft.crafting_table":2,"stat.mineBlock.minecraft.quartz_block":8,"stat.pickup.mutantbeasts.mutant_skeleton_boots":17,"stat.mineBlock.ic2.leaves":5,"stat.entityKilledBy.Creeper":1,"stat.deaths":62,"stat.mineBlock.minecraft.planks":10,"stat.drop.mutantbeasts.mutant_skeleton_skull":1,"stat.drop":132,"stat.playOneMinute":332897,"stat.pickup.techguns.handcannon":11,"stat.drop.minecraft.string":1,"stat.killEntity.Sheep":2,"stat.pickup.techguns.t1_miner_helmet":1,"stat.useItem.minecraft.diamond_ore":2,"stat.craftItem.minecraft.iron_pickaxe":3,"stat.drop.techguns.handcannon":1,"stat.mineBlock.treasure2.gravestone3_spawner_obsidian":3,"stat.craftItem.minecraft.diamond_pickaxe":1,"stat.craftItem.byg.palm_planks":4,"stat.killEntity.Zombie":4,"stat.drop.minecraft.bread":1,"stat.drop.minecraft.torch":1,"stat.craftItem.minecraft.clay":16,"stat.mineBlock.minecraft.gold_ore":2,"stat.craftItem.minecraft.cooked_mutton":8,"stat.mineBlock.minecraft.tallgrass":13,"stat.diveOneCm":213178,"stat.pickup.minecraft.wheat":87,"stat.pickup.minecraft.cooked_mutton":48,"stat.chestOpened":5,"stat.craftItem.minecraft.piston":5,"stat.useItem.minecraft.stone":25,"stat.pickup.minecraft.gravel":30,"stat.pickup.minecraft.arrow":21,"stat.pickup.minecraft.iron_sword":6,"stat.craftItem.minecraft.cooked_porkchop":2,"stat.pickup.minecraft.stone_axe":24,"stat.drop.minecraft.iron_pickaxe":1,"stat.drop.minecraft.cooked_porkchop":1,"stat.craftItem.buildcraftcore.gear_gold":4,"stat.pickup.byg.soapstone":18,"stat.jump":3523,"stat.pickup.minecraft.fence":1,"stat.pickup.minecraft.coal":721,"stat.pickup.minecraft.iron_helmet":16,"stat.pickup.minecraft.iron_ingot":72,"stat.fallOneCm":72275,"stat.craftItem.minecraft.birch_boat":1,"stat.craftItem.buildcraftbuilders.quarry":1,"stat.pickup.minecraft.carrot":219,"stat.craftItem.minecraft.lever":2,"stat.useItem.minecraft.stone_axe":114,"stat.pickup.mutantbeasts.mutant_skeleton_skull":1,"stat.craftItem.minecraft.bread":5,"stat.entityKilledBy.CaveSpider":5,"stat.pickup.minecraft.gunpowder":49,"stat.crouchOneCm":3643,"stat.entityKilledBy.techguns.Bandit":2,"stat.craftItem.minecraft.torch":156,"stat.craftItem.minecraft.chest":1,"stat.craftItem.minecraft.iron_ingot":32,"stat.pickup.byg.scoria":31,"stat.pickup.minecraft.dirt":101,"stat.pickup.minecraft.diamond_ore":3,"stat.pickup.cgm.assault_rifle":5,"stat.craftingTableInteraction":54,"stat.pickup.minecraft.iron_ore":92,"stat.drop.minecraft.concrete_powder":5,"stat.boatOneCm":142449,"stat.mineBlock.minecraft.lapis_ore":4,"stat.mineBlock.ic2.resource":11,"stat.pickup.minecraft.iron_axe":1,"stat.pickup.minecraft.wooden_pickaxe":1,"stat.killEntity.techguns.Bandit":1,"stat.damageTaken":12535,"stat.pickup.minecraft.leather":11,"stat.pickup.minecraft.feather":9,"stat.craftItem.minecraft.wooden_button":1,"stat.useItem.buildcraftcore.marker_volume":4,"stat.mineBlock.minecraft.furnace":1,"stat.mineBlock.minecraft.torch":5,"stat.killEntity.techguns.ZombieMiner":14,"stat.craftItem.buildcraftcore.engine":5,"stat.useItem.minecraft.wooden_pickaxe":22,"stat.drop.minecraft.water_bucket":1,"stat.craftItem.buildcraftcore.gear_iron":11,"stat.pickup.ic2.rubber_wood":24,"stat.pickup.minecraft.dye":172,"stat.pickup.minecraft.planks":113,"stat.pickup.minecraft.iron_leggings":16,"stat.pickup.minecraft.reeds":3,"stat.mineBlock.treasure2.gravestone3_polished_andesite":2,"stat.pickup.minecraft.bed":4,"stat.craftItem.buildcraftcore.gear_wood":17,"stat.pickup.minecraft.wheat_seeds":190,"stat.pickup.buildcraftcore.marker_volume":8,"stat.pickup.minecraft.potato":209,"stat.pickup.techguns.t1_miner_chestplate":5,"stat.entityKilledBy.Zombie":2,"stat.mineBlock.minecraft.gravel":17,"stat.useItem.minecraft.stone_pickaxe":140,"stat.useItem.minecraft.stone_sword":101,"stat.craftItem.buildcraftcore.gear_stone":15,"stat.damageDealt":8091,"stat.craftItem.minecraft.glass":14,"stat.sleepInBed":8,"stat.killEntity.Cow":1,"stat.mineBlock.minecraft.dirt":58,"stat.killEntity.zombiealien":6,"stat.craftItem.minecraft.iron_sword":1,"stat.useItem.buildcraftcore.engine":5,"stat.craftItem.minecraft.golden_pickaxe":1,"stat.pickup.treasure2.gravestone2_cobblestone":1,"stat.drop.techguns.itemshared":2,"stat.mineBlock.minecraft.quartz_stairs":2,"stat.pickup.techguns.itemshared":161,"stat.walkOneCm":807327,"stat.useItem.minecraft.torch":173,"stat.mineBlock.treasure2.gravestone2_spawner_cobblestone":1,"stat.playerKills":6,"stat.drop.minecraft.wheat":2,"stat.pickup.minecraft.stick":2,"stat.pickup.minecraft.iron_nugget":5,"stat.pickup.minecraft.crafting_table":3,"stat.pickup.techguns.t1_miner_boots":2,"stat.pickup.minecraft.clay_ball":224,"stat.useItem.minecraft.cobblestone":258,"stat.mineBlock.techguns.basicore":5,"stat.craftItem.minecraft.crafting_table":3,"stat.useItem.minecraft.gravel":3,"stat.craftItem.firstaid.plaster":9,"stat.useItem.minecraft.lava_bucket":3,"stat.pickup.byg.cookedcarrot":8,"stat.pickup.minecraft.iron_hoe":1,"stat.mineBlock.buildcrafttransport.pipe_iron_item":3,"stat.pickup.minecraft.log":144,"stat.mineBlock.galacticraftcore.basic_block_core":12,"stat.pickup.minecraft.iron_pickaxe":17,"stat.drop.minecraft.iron_chestplate":1,"stat.pickup.minecraft.stone":192,"stat.craftItem.minecraft.iron_chestplate":1,"stat.pickup.minecraft.chicken":9,"stat.useItem.buildcrafttransport.pipe_clay_item":22,"stat.pickup.minecraft.wooden_door":1,"stat.drop.firstaid.plaster":2,"stat.pickup.minecraft.cooked_beef":46,"stat.pickup.minecraft.apple":10,"stat.killEntity.Skeleton":4,"stat.pickup.minecraft.beetroot":120,"stat.pickup.treasure2.gravestone3_polished_andesite":1,"stat.pickup.byg.palm_log":4,"stat.craftItem.minecraft.bucket":3,"stat.mineBlock.minecraft.stonebrick":5,"stat.craftItem.minecraft.planks":120,"stat.useItem.minecraft.iron_sword":110,"stat.mineBlock.byg.soapstone":11,"stat.pickup.minecraft.bread":290,"stat.pickup.minecraft.stone_sword":3,"stat.pickup.minecraft.concrete_powder":15,"stat.mobKills":52,"stat.mineBlock.minecraft.log":46,"stat.drop.buildcraftbuilders.quarry":1,"stat.pickup.randomthings.glowingmushroom":4,"stat.mineBlock.buildcraftcore.marker_volume":2,"stat.pickup.minecraft.water_bucket":1,"stat.pickup.minecraft.diamond":17,"stat.entityKilledBy.transformedbotchling":1,"stat.mineBlock.minecraft.leaves":5,"stat.pickup.minecraft.torch":486,"stat.pickup.mutantbeasts.mutant_skeleton_limb":1,"stat.sneakTime":3000,"stat.pickup.minecraft.wool":6,"stat.pickup.minecraft.lava_bucket":2,"stat.drop.minecraft.bucket":1,"stat.drop.minecraft.stone_axe":1,"stat.useItem.minecraft.wooden_axe":5,"stat.mineBlock.minecraft.stone":750}