{"stat.craftItem.buildcraftcore.marker_volume":4,"stat.leaveGame":6,"stat.entityKilledBy.techguns.ZombieMiner":35,"stat.mineBlock.ic2.rubber_wood":24,"stat.pickup.gravestone.death_info":181,"stat.drop.minecraft.shield":1,"stat.entityKilledBy.techguns.ZombieFarmer":6,"stat.useItem.minecraft.planks":3,"stat.mineBlock.minecraft.web":90,"stat.drop.minecraft.feather":2,"stat.pickup.minecraft.glowstone_dust":3,"stat.mineBlock.immersiveengineering.ore":3,"stat.pickup.minecraft.porkchop":2,"stat.pickup.minecraft.glass":73,"stat.mineBlock.gravestone.gravestone":105,"stat.useItem.minecraft.water_bucket":3,"stat.craftItem.techguns.t1_miner_chestplate":1,"stat.pickup.minecraft.rotten_flesh":60,"stat.pickup.minecraft.sand":20,"stat.craftItem.minecraft.golden_apple":1,"stat.entityKilledBy.Spider":1,"stat.craftItem.minecraft.stone_axe":3,"stat.useItem.minecraft.birch_boat":1,"stat.pickup.minecraft.bucket":27,"stat.pickup.minecraft.wooden_hoe":1,"stat.craftItem.buildcraftcore.gear_diamond":2,"stat.entityKilledBy.techguns.ZombieSoldier":8,"stat.craftItem.minecraft.stone_sword":5,"stat.mineBlock.minecraft.sand":1,"stat.mineBlock.byg.scoria":24,"stat.killEntity.techguns.ZombieFarmer":12,"stat.pickup.treasure2.gravestone3_obsidian":2,"stat.useItem.minecraft.iron_pickaxe":942,"stat.craftItem.minecraft.wooden_pickaxe":2,"stat.drop.minecraft.cooked_mutton":4,"stat.craftItem.minecraft.bed":1,"stat.trappedChestTriggered":1,"stat.drop.gravestone.death_info":121,"stat.pickup.techguns.basicore":11,"stat.furnaceInteraction":83,"stat.drop.minecraft.gravel":8,"stat.killEntity.ZombieVillager":1,"stat.pickup.minecraft.wooden_button":4,"stat.pickup.minecraft.beef":10,"stat.pickup.minecraft.furnace":4,"stat.useItem.minecraft.cooked_mutton":3,"stat.pickup.hammertime.itemshovelstone":3,"stat.pickup.minecraft.iron_chestplate":19,"stat.drop.byg.scoria":4,"stat.mineBlock.minecraft.fence":1,"stat.useItem.minecraft.wheat_seeds":13,"stat.mineBlock.ic2.leaves":5,"stat.deaths":141,"stat.playOneMinute":476362,"stat.pickup.techguns.handcannon":21,"stat.drop.minecraft.string":1,"stat.pickup.techguns.t1_miner_helmet":5,"stat.craftItem.minecraft.iron_pickaxe":3,"stat.drop.techguns.handcannon":2,"stat.mineBlock.treasure2.gravestone3_spawner_obsidian":3,"stat.craftItem.byg.palm_planks":4,"stat.drop.minecraft.torch":2,"stat.craftItem.minecraft.cooked_mutton":8,"stat.mineBlock.minecraft.tallgrass":14,"stat.pickup.minecraft.cooked_mutton":93,"stat.chestOpened":33,"stat.useItem.minecraft.stone":28,"stat.pickup.minecraft.arrow":21,"stat.pickup.minecraft.iron_sword":6,"stat.drop.minecraft.flint":4,"stat.drop.minecraft.iron_pickaxe":1,"stat.craftItem.buildcraftcore.gear_gold":4,"stat.pickup.byg.tamrelitegem":1,"stat.fallOneCm":82129,"stat.craftItem.buildcraftbuilders.quarry":1,"stat.pickup.minecraft.carrot":219,"stat.pickup.mutantbeasts.mutant_skeleton_skull":1,"stat.crouchOneCm":5264,"stat.entityKilledBy.techguns.Bandit":6,"stat.craftItem.minecraft.chest":1,"stat.craftItem.minecraft.iron_ingot":36,"stat.pickup.cgm.assault_rifle":14,"stat.craftingTableInteraction":63,"stat.drop.minecraft.concrete_powder":5,"stat.mineBlock.ic2.resource":11,"stat.pickup.minecraft.wooden_pickaxe":2,"stat.killEntity.techguns.Bandit":2,"stat.pickup.minecraft.feather":9,"stat.drop.minecraft.bone":4,"stat.craftItem.minecraft.wooden_button":1,"stat.killEntity.techguns.ZombieMiner":15,"stat.craftItem.buildcraftcore.gear_iron":11,"stat.pickup.minecraft.dye":278,"stat.pickup.minecraft.planks":114,"stat.pickup.minecraft.iron_leggings":25,"stat.pickup.minecraft.wheat_seeds":192,"stat.pickup.techguns.t1_miner_chestplate":5,"stat.mineBlock.minecraft.gravel":27,"stat.useItem.minecraft.stone_pickaxe":173,"stat.useItem.minecraft.stone_sword":131,"stat.craftItem.buildcraftcore.gear_stone":15,"stat.mineBlock.minecraft.dirt":73,"stat.craftItem.minecraft.golden_pickaxe":1,"stat.mineBlock.minecraft.quartz_stairs":2,"stat.useItem.minecraft.torch":187,"stat.mineBlock.treasure2.gravestone2_spawner_cobblestone":1,"stat.useItem.minecraft.bread":3,"stat.pickup.minecraft.iron_nugget":5,"stat.drop.minecraft.rotten_flesh":1,"stat.pickup.minecraft.crafting_table":3,"stat.useItem.minecraft.cobblestone":363,"stat.mineBlock.techguns.basicore":5,"stat.craftItem.minecraft.crafting_table":3,"stat.useItem.minecraft.gravel":9,"stat.pickup.minecraft.iron_hoe":1,"stat.mineBlock.buildcrafttransport.pipe_iron_item":3,"stat.pickup.minecraft.log":162,"stat.mineBlock.galacticraftcore.basic_block_core":12,"stat.pickup.minecraft.iron_pickaxe":21,"stat.craftItem.hammertime.itemhammerstone":1,"stat.pickup.minecraft.chicken":9,"stat.pickup.minecraft.sapling":2,"stat.pickup.minecraft.wooden_door":1,"stat.pickup.minecraft.apple":14,"stat.pickup.minecraft.beetroot":120,"stat.craftItem.minecraft.bucket":3,"stat.craftItem.minecraft.planks":120,"stat.useItem.minecraft.iron_sword":110,"stat.pickup.minecraft.stone_sword":18,"stat.mineBlock.minecraft.log":55,"stat.drop.buildcraftbuilders.quarry":1,"stat.pickup.mutantbeasts.mutant_skeleton_limb":1,"stat.sneakTime":4409,"stat.pickup.minecraft.wool":6,"stat.drop.minecraft.bucket":1,"stat.useItem.minecraft.wooden_axe":5,"stat.pickup.immersiveengineering.ore":2,"stat.pickup.minecraft.bone":16,"stat.mineBlock.minecraft.cobblestone":60,"stat.drop.minecraft.glowstone_dust":1,"stat.pickup.minecraft.stone_pickaxe":19,"stat.pickup.minecraft.flint":19,"stat.pickup.buildcrafttransport.pipe_clay_item":225,"stat.craftItem.minecraft.wool":18,"stat.useItem.minecraft.diamond_sword":7,"stat.swimOneCm":131727,"stat.climbOneCm":964,"stat.pickup.capsule.capsule":1,"stat.drop.minecraft.cobblestone":3,"stat.pickup.minecraft.cooked_porkchop":7,"stat.killEntity.techguns.ZombieSoldier":2,"stat.entityKilledBy.mutantbeasts.mutant_zombie":1,"stat.useItem.minecraft.dirt":13,"stat.useItem.minecraft.stone_slab2":83,"stat.pickup.minecraft.iron_boots":9,"stat.drop.buildcraftcore.engine":5,"stat.pickup.minecraft.stone_hoe":2,"stat.craftItem.minecraft.furnace":4,"stat.mineBlock.byg.palm_log":4,"stat.pickup.minecraft.golden_axe":8,"stat.pickup.mutantbeasts.mutant_skeleton_leggings":1,"stat.useItem.minecraft.golden_pickaxe":34,"stat.craftItem.minecraft.stone_pickaxe":4,"stat.craftItem.minecraft.cooked_beef":8,"stat.craftItem.buildcrafttransport.pipe_clay_item":64,"stat.pickup.minecraft.cobblestone":2372,"stat.pickup.minecraft.quartz_stairs":1,"stat.mineBlock.buildcraftcore.engine":6,"stat.pickup.minecraft.gold_block":8,"stat.pickup.mutantbeasts.mutant_skeleton_rib":1,"stat.mineBlock.minecraft.clay":28,"stat.flyOneCm":415971,"stat.mineBlock.buildcraftbuilders.quarry":1,"stat.drop.minecraft.wheat_seeds":1,"stat.useItem.minecraft.cooked_beef":1,"stat.pickup.minecraft.golden_pickaxe":3,"stat.pickup.minecraft.redstone":55,"stat.mineBlock.minecraft.iron_ore":93,"stat.timeSinceDeath":13543,"stat.pickup.minecraft.mutton":9,"stat.killEntity.techguns.SkeletonSoldier":5,"stat.drop.minecraft.coal":1,"stat.pickup.cgm.basic_ammo":134,"stat.pickup.minecraft.wooden_axe":1,"stat.pickup.buildcraftcore.engine":28,"stat.pickup.minecraft.chainmail_helmet":8,"stat.entityKilledBy.zombiealien":38,"stat.pickup.minecraft.stonebrick":5,"stat.pickup.galacticraftcore.basic_block_core":19,"stat.drop.minecraft.dirt":5,"stat.mineBlock.minecraft.coal_ore":102,"stat.pickup.minecraft.shield":26,"stat.killEntity.Creeper":1,"stat.pickup.minecraft.string":210,"stat.pickup.buildcraftbuilders.quarry":4,"stat.entityKilledBy.Skeleton":9,"stat.craftItem.minecraft.stone_slab2":0,"stat.useItem.minecraft.golden_axe":6,"stat.sprintOneCm":494670,"stat.drop.minecraft.leather":3,"stat.craftItem.minecraft.stick":152,"stat.craftItem.minecraft.wooden_axe":1,"stat.drop.techguns.basicore":2,"stat.pickup.ic2.resource":38,"stat.craftItem.minecraft.stone":5,"stat.mineBlock.minecraft.diamond_ore":3,"stat.pickup.techguns.t1_miner_leggings":13,"stat.mineBlock.minecraft.crafting_table":2,"stat.mineBlock.minecraft.quartz_block":8,"stat.pickup.mutantbeasts.mutant_skeleton_boots":22,"stat.drop.capsule.capsule":1,"stat.entityKilledBy.Creeper":1,"stat.mineBlock.minecraft.planks":10,"stat.drop.mutantbeasts.mutant_skeleton_skull":1,"stat.drop":197,"stat.killEntity.Sheep":2,"stat.useItem.minecraft.diamond_ore":2,"stat.craftItem.minecraft.diamond_pickaxe":1,"stat.killEntity.Zombie":6,"stat.drop.minecraft.bread":1,"stat.craftItem.minecraft.clay":16,"stat.mineBlock.minecraft.gold_ore":16,"stat.diveOneCm":215011,"stat.pickup.minecraft.wheat":92,"stat.craftItem.minecraft.piston":5,"stat.pickup.minecraft.gravel":94,"stat.craftItem.minecraft.cooked_porkchop":2,"stat.pickup.minecraft.stone_axe":32,"stat.drop.minecraft.cooked_porkchop":1,"stat.pickup.byg.soapstone":19,"stat.jump":4551,"stat.pickup.minecraft.fence":1,"stat.pickup.minecraft.coal":721,"stat.pickup.minecraft.iron_helmet":18,"stat.pickup.minecraft.iron_ingot":95,"stat.craftItem.minecraft.birch_boat":1,"stat.craftItem.minecraft.lever":2,"stat.useItem.minecraft.stone_axe":128,"stat.craftItem.minecraft.bread":5,"stat.entityKilledBy.CaveSpider":5,"stat.pickup.minecraft.gunpowder":51,"stat.craftItem.minecraft.torch":156,"stat.pickup.byg.scoria":87,"stat.pickup.minecraft.dirt":139,"stat.pickup.minecraft.diamond_ore":3,"stat.drop.techguns.t1_miner_leggings":2,"stat.pickup.minecraft.iron_ore":98,"stat.boatOneCm":142449,"stat.pickup.minecraft.gold_ore":14,"stat.mineBlock.minecraft.lapis_ore":4,"stat.entityKilledBy.techguns.SkeletonSoldier":8,"stat.pickup.minecraft.iron_axe":1,"stat.damageTaken":24485,"stat.pickup.minecraft.leather":15,"stat.useItem.buildcraftcore.marker_volume":4,"stat.mineBlock.minecraft.furnace":1,"stat.mineBlock.minecraft.torch":11,"stat.craftItem.buildcraftcore.engine":5,"stat.useItem.minecraft.wooden_pickaxe":45,"stat.drop.minecraft.water_bucket":1,"stat.pickup.ic2.rubber_wood":24,"stat.pickup.minecraft.reeds":3,"stat.mineBlock.treasure2.gravestone3_polished_andesite":2,"stat.pickup.minecraft.bed":7,"stat.craftItem.buildcraftcore.gear_wood":17,"stat.pickup.buildcraftcore.marker_volume":8,"stat.pickup.minecraft.potato":220,"stat.entityKilledBy.Zombie":6,"stat.damageDealt":9506,"stat.craftItem.minecraft.glass":14,"stat.sleepInBed":8,"stat.killEntity.Cow":1,"stat.killEntity.zombiealien":10,"stat.craftItem.minecraft.iron_sword":1,"stat.useItem.buildcraftcore.engine":6,"stat.pickup.treasure2.gravestone2_cobblestone":1,"stat.drop.techguns.itemshared":2,"stat.pickup.techguns.itemshared":193,"stat.walkOneCm":1303502,"stat.playerKills":7,"stat.drop.minecraft.wheat":2,"stat.pickup.minecraft.stick":2,"stat.pickup.techguns.t1_miner_boots":2,"stat.pickup.minecraft.clay_ball":320,"stat.craftItem.firstaid.plaster":9,"stat.useItem.minecraft.lava_bucket":3,"stat.pickup.byg.cookedcarrot":8,"stat.pickup.hammertime.itemhammerstone":7,"stat.drop.minecraft.iron_chestplate":1,"stat.pickup.minecraft.stone":211,"stat.craftItem.minecraft.iron_chestplate":1,"stat.useItem.buildcrafttransport.pipe_clay_item":25,"stat.drop.firstaid.plaster":2,"stat.pickup.minecraft.cooked_beef":46,"stat.killEntity.Skeleton":4,"stat.pickup.treasure2.gravestone3_polished_andesite":1,"stat.pickup.byg.palm_log":4,"stat.craftItem.techguns.itemshared":5,"stat.mineBlock.minecraft.stonebrick":5,"stat.mineBlock.byg.soapstone":11,"stat.pickup.minecraft.bread":515,"stat.pickup.minecraft.concrete_powder":15,"stat.mobKills":62,"stat.pickup.randomthings.glowingmushroom":5,"stat.mineBlock.buildcraftcore.marker_volume":2,"stat.pickup.minecraft.water_bucket":1,"stat.pickup.minecraft.diamond":20,"stat.entityKilledBy.transformedbotchling":1,"stat.mineBlock.minecraft.leaves":6,"stat.pickup.minecraft.torch":516,"stat.pickup.minecraft.lava_bucket":4,"stat.drop.minecraft.stone_axe":1,"stat.craftItem.galacticraftcore.basic_item":18,"stat.mineBlock.minecraft.stone":776}