{"stat.pickup.minecraft.log":6,"stat.flyOneCm":150,"stat.deaths":3,"stat.walkOneCm":1630,"stat.jump":8,"stat.entityKilledBy.techguns.ZombieFarmer":1,"stat.playOneMinute":4211,"stat.fallOneCm":538,"stat.craftItem.minecraft.planks":24,"stat.leaveGame":1,"stat.damageTaken":168,"stat.craftItem.minecraft.crafting_table":1,"stat.entityKilledBy.techguns.ZombieMiner":1,"stat.timeSinceDeath":0,"stat.pickup.minecraft.dirt":4,"stat.useItem.minecraft.dirt":1,"stat.mineBlock.minecraft.dirt":4,"stat.mineBlock.minecraft.log":6,"stat.craftItem.minecraft.stick":4}