{"stat.walkOneCm":15191,"stat.useItem.soggytransportation.bike":1,"stat.furnaceInteraction":1,"stat.drop.minecraft.dirt":1,"stat.drop.capsule.capsule":2,"stat.useItem.soggytransportation.wheel_barrel":1,"stat.flyOneCm":31390,"stat.drop":6,"stat.pickup.minecraft.wheat_seeds":1,"stat.jump":24,"stat.swimOneCm":558,"stat.playOneMinute":10211,"stat.drop.minecraft.wheat_seeds":1,"stat.useItem.soggytransportation.moon":1,"stat.pickup.capsule.capsule":3,"stat.sneakTime":280,"stat.useItem.soggytransportation.earth":2,"stat.damageDealt":0,"stat.crouchOneCm":251,"stat.drop.soggytransportation.moon":1,"stat.timeSinceDeath":10211,"stat.useItem.soggytransportation.police_car":1,"stat.pickup.minecraft.dirt":1,"stat.sprintOneCm":1489,"stat.mineBlock.minecraft.dirt":1,"stat.drop.soggytransportation.earth":1,"stat.useItem.minecraft.stone_slab2":3,"stat.craftingTableInteraction":1,"stat.useItem.soggytransportation.snow_mobile":1}