{"stat.leaveGame":21,"stat.pickup.mutantbeasts.mutant_skeleton_pelvis":1,"stat.killEntity.PigZombie":3,"stat.entityKilledBy.techguns.ZombieFarmer":9,"stat.craftItem.minecraft.shield":2,"stat.mineBlock.minecraft.web":95,"stat.pickup.firstaid.bandage":2,"stat.mineBlock.gravestone.gravestone":70,"stat.pickup.minecraft.rotten_flesh":73,"stat.craftItem.minecraft.stone_axe":1,"stat.pickup.minecraft.bucket":1,"stat.entityKilledBy.techguns.ZombieSoldier":7,"stat.pickup.treasure2.copper_charm":1,"stat.drop.minecraft.sand":10,"stat.pickup.treasure2.gravestone3_obsidian":4,"stat.useItem.minecraft.iron_pickaxe":911,"stat.craftItem.minecraft.wooden_pickaxe":1,"stat.craftItem.minecraft.bed":1,"stat.mineBlock.minecraft.vine":2,"stat.pickup.techguns.basicore":21,"stat.furnaceInteraction":327,"stat.drop.minecraft.gravel":2,"stat.killEntity.ZombieVillager":3,"stat.pickup.minecraft.beef":26,"stat.craftItem.techguns.t1_miner_helmet":1,"stat.mineBlock.minecraft.fence":2,"stat.pickup.ic2.misc_resource":15,"stat.pickup.minecraft.emerald":9,"stat.useItem.minecraft.dye":17,"stat.pickup.minecraft.lever":3,"stat.deaths":116,"stat.pickup.techguns.t1_miner_helmet":8,"stat.craftItem.minecraft.iron_pickaxe":3,"stat.craftItem.byg.palm_planks":12,"stat.entityKilledBy.techguns.ZombiePigmanSoldier":1,"stat.craftItem.immersiveengineering.metal":48,"stat.drop.minecraft.torch":7,"stat.mineBlock.minecraft.tallgrass":11,"stat.pickup.minecraft.cooked_mutton":32,"stat.chestOpened":78,"stat.craftItem.minecraft.sign":3,"stat.useItem.minecraft.stone":46,"stat.pickup.minecraft.arrow":73,"stat.pickup.minecraft.iron_sword":14,"stat.pickup.minecraft.wooden_pressure_plate":2,"stat.useItem.byg.cookedcarrot":1,"stat.pickup.mutantbeasts.mutant_skeleton_shoulder_pad":1,"stat.pickup.minecraft.carrot":126,"stat.pickup.mutantbeasts.mutant_skeleton_skull":9,"stat.drop.minecraft.stone_sword":1,"stat.pickup.treasure2.silver_coin":2,"stat.crouchOneCm":41338,"stat.mineBlock.minecraft.chest":3,"stat.craftItem.minecraft.iron_ingot":211,"stat.mineBlock.minecraft.concrete_powder":2,"stat.pickup.cgm.assault_rifle":10,"stat.craftingTableInteraction":102,"stat.mineBlock.minecraft.wooden_pressure_plate":2,"stat.pickup.treasure2.crate_chest_moldy":2,"stat.pickup.minecraft.dye":133,"stat.pickup.minecraft.planks":167,"stat.pickup.minecraft.wheat_seeds":56,"stat.pickup.techguns.t1_miner_chestplate":1,"stat.mineBlock.minecraft.glass":12,"stat.mineBlock.minecraft.dirt":177,"stat.pickup.immersiveengineering.seed":1,"stat.drop.minecraft.rotten_flesh":3,"stat.craftItem.ironchest.iron_gold_chest_upgrade":2,"stat.useItem.ironfurnaces.iron_furnace_idle":1,"stat.useItem.minecraft.cobblestone":441,"stat.useItem.minecraft.gravel":2,"stat.craftItem.firstaid.bandage":3,"stat.pickup.minecraft.iron_pickaxe":19,"stat.craftItem.minecraft.gold_ingot":60,"stat.drop.minecraft.sapling":1,"stat.pickup.minecraft.apple":187,"stat.craftItem.immersiveengineering.tool":1,"stat.craftItem.minecraft.bucket":2,"stat.craftItem.minecraft.planks":184,"stat.useItem.minecraft.iron_sword":151,"stat.pickup.minecraft.stone_sword":9,"stat.pickup.minecraft.book":84,"stat.useItem.minecraft.stonebrick":59,"stat.mineBlock.minecraft.log":88,"stat.craftItem.minecraft.wooden_door":3,"stat.useItem.minecraft.wooden_door":4,"stat.craftItem.mutantbeasts.mutant_skeleton_leggings":1,"stat.pickup.mutantbeasts.mutant_skeleton_limb":10,"stat.pickup.minecraft.red_flower":6,"stat.pickup.minecraft.wool":8,"stat.pickup.ic2.ingot":8,"stat.useItem.minecraft.iron_axe":104,"stat.mineBlock.minecraft.cobblestone":66,"stat.pickup.minecraft.stone_pickaxe":6,"stat.pickup.minecraft.flint":7,"stat.mineBlock.minecraft.concrete":11,"stat.craftItem.minecraft.wool":17,"stat.useItem.minecraft.concrete_powder":12,"stat.drop.minecraft.cobblestone":2,"stat.pickup.minecraft.cooked_porkchop":2,"stat.killEntity.techguns.ZombieSoldier":3,"stat.useItem.minecraft.stone_slab2":121,"stat.pickup.minecraft.iron_boots":1,"stat.pickup.minecraft.stone_hoe":1,"stat.craftItem.minecraft.furnace":9,"stat.pickup.minecraft.golden_axe":1,"stat.mineBlock.techguns.simplemachine":2,"stat.pickup.mutantbeasts.mutant_skeleton_rib":7,"stat.flyOneCm":327907,"stat.pickup.minecraft.fish":4,"stat.timeSinceDeath":30552,"stat.craftItem.minecraft.iron_block":1,"stat.pickup.cgm.basic_ammo":160,"stat.pickup.buildcraftcore.engine":10,"stat.entityKilledBy.zombiealien":7,"stat.craftItem.minecraft.concrete_powder":16,"stat.drop.hammertime.itemhammeriron":1,"stat.mineBlock.minecraft.coal_ore":91,"stat.drop.minecraft.wool":1,"stat.pickup.minecraft.shield":16,"stat.killEntity.Creeper":2,"stat.talkedToVillager":2,"stat.pickup.minecraft.string":179,"stat.pickup.techguns.t1_scout_helmet":5,"stat.entityKilledBy.Skeleton":15,"stat.sprintOneCm":344391,"stat.pickup.ic2.resource":90,"stat.pickup.minecraft.leather_leggings":1,"stat.pickup.minecraft.sugar":2,"stat.pickup.minecraft.iron_block":2,"stat.killEntity.Zombie":10,"stat.craftItem.minecraft.dye":63,"stat.mineBlock.minecraft.gold_ore":7,"stat.diveOneCm":174990,"stat.pickup.minecraft.wheat":56,"stat.drop.hammertime.itemhammerstone":1,"stat.craftItem.ironfurnaces.iron_furnace_idle":2,"stat.pickup.minecraft.stone_axe":4,"stat.pickup.minecraft.obsidian":42,"stat.jump":3661,"stat.pickup.minecraft.coal":267,"stat.pickup.minecraft.iron_ingot":266,"stat.pickup.minecraft.gunpowder":334,"stat.entityKilledBy.striga":1,"stat.craftItem.minecraft.torch":8,"stat.pickup.minecraft.dirt":312,"stat.pickup.randomthings.biomecrystal":3,"stat.pickup.minecraft.gold_ore":9,"stat.useItem.minecraft.sapling":1,"stat.mineBlock.minecraft.lapis_ore":5,"stat.pickup.minecraft.iron_axe":14,"stat.pickup.minecraft.cookie":6,"stat.mineBlock.minecraft.glass_pane":3,"stat.mineBlock.treasure2.gravestone3_obsidian":4,"stat.damageTaken":21443,"stat.mineBlock.minecraft.torch":27,"stat.mineBlock.minecraft.red_flower":6,"stat.pickup.immersiveengineering.metal":4,"stat.entityKilledBy.ZombieVillager":2,"stat.craftItem.cgm.workbench":1,"stat.pickup.minecraft.bed":2,"stat.pickup.minecraft.concrete":11,"stat.pickup.minecraft.potato":112,"stat.mineBlock.randomthings.glowingmushroom":1,"stat.pickup.ironfurnaces.iron_furnace_idle":3,"stat.entityKilledBy.Zombie":6,"stat.pickup.hammertime.itemhammeriron":5,"stat.pickup.techguns.itemshared":356,"stat.useItem.minecraft.chest":2,"stat.drop.minecraft.diamond_ore":3,"stat.useItem.minecraft.lava_bucket":1,"stat.pickup.byg.cookedcarrot":92,"stat.pickup.techguns.thompson":5,"stat.craftItem.minecraft.iron_chestplate":2,"stat.pickup.treasure2.thiefs_lock_pick":1,"stat.craftItem.techguns.itemshared":177,"stat.mineBlock.byg.soapstone":1,"stat.mineBlock.minecraft.glowstone":16,"stat.craftItem.techguns.t1_miner_boots":2,"stat.mobKills":95,"stat.mineBlock.minecraft.bookshelf":7,"stat.pickup.randomthings.glowingmushroom":1,"stat.pickup.minecraft.diamond":6,"stat.pickup.minecraft.beetroot_seeds":110,"stat.pickup.minecraft.torch":145,"stat.craftItem.byg.cookedcarrot":9,"stat.drop.minecraft.stone_axe":1,"stat.entityKilledBy.techguns.ZombieMiner":34,"stat.craftItem.minecraft.iron_axe":1,"stat.pickup.gravestone.death_info":134,"stat.mineBlock.treasure2.gravestone2_cobblestone":1,"stat.useItem.minecraft.planks":15,"stat.pickup.minecraft.glowstone_dust":41,"stat.mineBlock.immersiveengineering.ore":18,"stat.pickup.minecraft.porkchop":6,"stat.pickup.minecraft.glass":4,"stat.mineBlock.ironfurnaces.iron_furnace_idle":3,"stat.pickup.randomthings.spectrecoil_number":2,"stat.useItem.minecraft.water_bucket":15,"stat.mineBlock.minecraft.stone_brick_stairs":1,"stat.pickup.minecraft.sand":40,"stat.useItem.minecraft.golden_sword":16,"stat.entityKilledBy.Spider":2,"stat.pickup.minecraft.name_tag":2,"stat.mineBlock.treasure2.crate_chest_moldy":2,"stat.craftItem.minecraft.stone_sword":3,"stat.craftItem.byg.tamrelitearmourboots":1,"stat.pickup.minecraft.chainmail_chestplate":2,"stat.mineBlock.minecraft.sand":23,"stat.mineBlock.byg.scoria":17,"stat.killEntity.techguns.ZombieFarmer":22,"stat.craftItem.minecraft.cooked_fish":4,"stat.drop.gravestone.death_info":98,"stat.pickup.minecraft.furnace":15,"stat.useItem.minecraft.redstone":2,"stat.pickup.travellersbackpack.travellers_backpack":3,"stat.useItem.treasure2.gravestone3_obsidian":3,"stat.pickup.minecraft.iron_chestplate":12,"stat.pickup.minecraft.skull":2,"stat.craftItem.byg.tamrelitearmourlegs":1,"stat.pickup.minecraft.saddle":1,"stat.craftItem.minecraft.heavy_weighted_pressure_plate":1,"stat.mineBlock.minecraft.oak_stairs":5,"stat.playOneMinute":619136,"stat.pickup.techguns.handcannon":14,"stat.drop.techguns.handcannon":1,"stat.drop.minecraft.flint":3,"stat.craftItem.minecraft.iron_nugget":45,"stat.pickup.byg.tamrelitegem":18,"stat.fallOneCm":67314,"stat.pickup.techguns.simplemachine":2,"stat.entityKilledBy.techguns.Bandit":7,"stat.craftItem.minecraft.chest":4,"stat.mineBlock.minecraft.lever":2,"stat.pickup.minecraft.golden_leggings":1,"stat.entityKilledBy.techguns.CyberDemon":1,"stat.mineBlock.ic2.resource":27,"stat.killEntity.techguns.Bandit":2,"stat.killEntity.techguns.ZombieMiner":21,"stat.useItem.minecraft.furnace":14,"stat.craftItem.techguns.simplemachine":1,"stat.mineBlock.minecraft.gravel":16,"stat.useItem.minecraft.stone_pickaxe":255,"stat.craftItem.minecraft.iron_leggings":1,"stat.useItem.minecraft.stone_sword":87,"stat.useItem.minecraft.torch":49,"stat.pickup.minecraft.iron_nugget":5,"stat.pickup.minecraft.crafting_table":13,"stat.useItem.minecraft.log":1,"stat.mineBlock.techguns.basicore":2,"stat.craftItem.minecraft.crafting_table":1,"stat.pickup.minecraft.iron_hoe":5,"stat.mineBlock.minecraft.emerald_ore":9,"stat.pickup.minecraft.log":153,"stat.mineBlock.galacticraftcore.basic_block_core":44,"stat.craftItem.minecraft.stone_button":12,"stat.drop.minecraft.planks":2,"stat.pickup.minecraft.sapling":8,"stat.pickup.minecraft.wooden_door":7,"stat.mineBlock.minecraft.iron_block":2,"stat.pickup.minecraft.beetroot":60,"stat.pickup.minecraft.golden_sword":1,"stat.drop.buildcraftbuilders.quarry":1,"stat.pickup.treasure2.wood_key":1,"stat.craftItem.mutantbeasts.mutant_skeleton_boots":2,"stat.sneakTime":23162,"stat.drop.minecraft.bucket":1,"stat.pickup.minecraft.chest":3,"stat.pickup.immersiveengineering.ore":32,"stat.pickup.minecraft.bone":77,"stat.useItem.immersiveengineering.ore":1,"stat.useItem.minecraft.diamond_sword":1,"stat.swimOneCm":111569,"stat.climbOneCm":3097,"stat.pickup.capsule.capsule":16,"stat.useItem.minecraft.dirt":39,"stat.mineBlock.byg.cattails":1,"stat.drop.buildcraftcore.engine":1,"stat.pickup.mutantbeasts.mutant_skeleton_leggings":14,"stat.pickup.minecraft.anvil":4,"stat.useItem.minecraft.golden_pickaxe":30,"stat.craftItem.minecraft.stone_pickaxe":3,"stat.pickup.minecraft.cobblestone":2737,"stat.mineBlock.buildcraftcore.engine":9,"stat.pickup.minecraft.gold_block":4,"stat.mineBlock.buildcraftbuilders.quarry":2,"stat.craftItem.ic2.ingot":81,"stat.pickup.minecraft.golden_pickaxe":2,"stat.pickup.minecraft.redstone":214,"stat.mineBlock.minecraft.iron_ore":103,"stat.drop.minecraft.log":1,"stat.useItem.minecraft.sign":2,"stat.pickup.minecraft.mutton":18,"stat.killEntity.techguns.SkeletonSoldier":1,"stat.pickup.galacticraftcore.basic_block_core":87,"stat.pickup.buildcraftbuilders.quarry":5,"stat.craftItem.minecraft.stone_slab2":0,"stat.craftItem.minecraft.stick":60,"stat.pickup.treasure2.charm_book":1,"stat.craftItem.minecraft.stone":36,"stat.pickup.techguns.t1_miner_leggings":3,"stat.mineBlock.minecraft.crafting_table":6,"stat.pickup.mutantbeasts.mutant_skeleton_boots":8,"stat.drop.capsule.capsule":2,"stat.craftItem.ironfurnaces.gold_furnace_idle":1,"stat.entityKilledBy.Creeper":1,"stat.mineBlock.minecraft.planks":7,"stat.drop":133,"stat.killEntity.Sheep":3,"stat.craftItem.hammertime.itemhammeriron":1,"stat.entityKilledBy.mutantbeasts.mutant_creeper":2,"stat.pickup.minecraft.slime_ball":2,"stat.pickup.byg.cattail":3,"stat.pickup.techguns.t1_scout_leggings":1,"stat.drop.minecraft.wooden_pickaxe":1,"stat.pickup.minecraft.gravel":74,"stat.mineBlock.minecraft.anvil":2,"stat.pickup.firstaid.plaster":2,"stat.useItem.minecraft.apple":1,"stat.pickup.minecraft.stone_brick_stairs":1,"stat.pickup.minecraft.diamond_sword":1,"stat.pickup.byg.soapstone":63,"stat.pickup.minecraft.fence":12,"stat.pickup.randomthings.beans":6,"stat.useItem.minecraft.stone_axe":88,"stat.entityKilledBy.CaveSpider":1,"stat.craftItem.minecraft.bread":5,"stat.pickup.minecraft.spider_eye":1,"stat.pickup.byg.scoria":340,"stat.drop.minecraft.glass":6,"stat.pickup.minecraft.iron_ore":197,"stat.entityKilledBy.techguns.SkeletonSoldier":7,"stat.pickup.minecraft.leather":23,"stat.mineBlock.minecraft.furnace":14,"stat.useItem.minecraft.wooden_pickaxe":25,"stat.pickup.buildcraftcore.marker_volume":2,"stat.pickup.minecraft.oak_stairs":5,"stat.damageDealt":11324,"stat.craftItem.minecraft.glass":5,"stat.sleepInBed":7,"stat.killEntity.Cow":3,"stat.drop.mutantbeasts.mutant_skeleton_boots":1,"stat.killEntity.Pig":1,"stat.killEntity.zombiealien":6,"stat.craftItem.minecraft.iron_sword":1,"stat.useItem.buildcraftcore.engine":1,"stat.pickup.treasure2.gravestone2_cobblestone":1,"stat.walkOneCm":2234674,"stat.playerKills":7,"stat.pickup.minecraft.stick":36,"stat.pickup.techguns.t1_miner_boots":20,"stat.pickup.minecraft.clay_ball":48,"stat.craftItem.firstaid.plaster":4,"stat.pickup.hammertime.itemhammerstone":1,"stat.drop.techguns.thompson":1,"stat.pickup.galacticraftcore.basic_item":14,"stat.pickup.minecraft.stone":271,"stat.pickup.byg.palm_planks":4,"stat.pickup.minecraft.gold_ingot":11,"stat.killEntity.Skeleton":4,"stat.craftItem.techguns.basicmachine":1,"stat.pickup.byg.palm_log":3,"stat.craftItem.ironchest.wood_iron_chest_upgrade":2,"stat.killEntity.Spider":1,"stat.pickup.minecraft.bread":85,"stat.mineBlock.minecraft.quartz_ore":9,"stat.pickup.minecraft.concrete_powder":12,"stat.pickup.minecraft.quartz":27,"stat.mineBlock.buildcraftcore.marker_volume":2,"stat.pickup.minecraft.water_bucket":9,"stat.mineBlock.minecraft.leaves":16,"stat.mineBlock.minecraft.redstone_ore":14,"stat.craftItem.galacticraftcore.basic_item":88,"stat.mineBlock.minecraft.stone":623}