{"stat.leaveGame":3,"stat.entityKilledBy.techguns.ZombieMiner":14,"stat.drop.minecraft.redstone":2,"stat.mineBlock.ic2.rubber_wood":11,"stat.pickup.gravestone.death_info":11,"stat.entityKilledBy.techguns.ZombieFarmer":8,"stat.craftItem.minecraft.shield":1,"stat.mineBlock.minecraft.web":3,"stat.pickup.minecraft.glowstone_dust":1,"stat.mineBlock.gravestone.gravestone":15,"stat.pickup.minecraft.rotten_flesh":71,"stat.entityKilledBy.Spider":1,"stat.craftItem.minecraft.stone_axe":1,"stat.pickup.byg.cyan_amaranth":1,"stat.killEntity.Enderman":1,"stat.entityKilledBy.techguns.ZombieSoldier":3,"stat.craftItem.minecraft.stone_sword":1,"stat.pickup.minecraft.brown_mushroom":17,"stat.mineBlock.minecraft.sand":1,"stat.craftItem.techguns.handcannon":1,"stat.mineBlock.byg.scoria":28,"stat.killEntity.techguns.ZombieFarmer":16,"stat.useItem.minecraft.iron_pickaxe":136,"stat.craftItem.minecraft.wooden_pickaxe":1,"stat.craftItem.minecraft.bed":1,"stat.drop.gravestone.death_info":32,"stat.drop.immersiveengineering.seed":2,"stat.pickup.techguns.basicore":12,"stat.drop.minecraft.gravel":1,"stat.furnaceInteraction":91,"stat.drop.minecraft.red_flower":1,"stat.pickup.minecraft.beef":12,"stat.pickup.minecraft.furnace":10,"stat.pickup.hammertime.itemshovelstone":4,"stat.pickup.minecraft.skull":2,"stat.pickup.byg.purple_amaranth":1,"stat.entityKilledBy.mutantbeasts.mutant_skeleton":1,"stat.pickup.ic2.misc_resource":49,"stat.mineBlock.ic2.leaves":25,"stat.pickup.minecraft.emerald":8,"stat.pickup.minecraft.saddle":4,"stat.deaths":39,"stat.useItem.ic2.treetap":1,"stat.pickup.minecraft.egg":1,"stat.playOneMinute":211884,"stat.pickup.techguns.handcannon":8,"stat.craftItem.minecraft.iron_pickaxe":1,"stat.drop.minecraft.torch":5,"stat.mineBlock.minecraft.tallgrass":19,"stat.craftItem.minecraft.cooked_mutton":5,"stat.pickup.minecraft.cooked_mutton":18,"stat.chestOpened":61,"stat.useItem.minecraft.stone":46,"stat.pickup.minecraft.arrow":24,"stat.pickup.byg.tamrelitegem":7,"stat.pickup.minecraft.cooked_chicken":7,"stat.fallOneCm":69382,"stat.drop.minecraft.stone":16,"stat.craftItem.ic2.treetap":1,"stat.crouchOneCm":58659,"stat.craftItem.minecraft.iron_ingot":72,"stat.craftItem.minecraft.chest":2,"stat.craftingTableInteraction":52,"stat.mineBlock.ic2.resource":7,"stat.pickup.minecraft.wooden_pickaxe":6,"stat.pickup.minecraft.feather":20,"stat.pickup.minecraft.record_cat":2,"stat.killEntity.techguns.ZombieMiner":15,"stat.pickup.minecraft.planks":316,"stat.pickup.minecraft.wheat_seeds":8,"stat.pickup.techguns.t1_miner_chestplate":12,"stat.mineBlock.minecraft.gravel":16,"stat.useItem.minecraft.stone_pickaxe":488,"stat.useItem.minecraft.stone_sword":80,"stat.mineBlock.minecraft.dirt":41,"stat.drop.minecraft.stick":1,"stat.pickup.minecraft.record_13":2,"stat.useItem.minecraft.torch":84,"stat.pickup.immersiveengineering.seed":2,"stat.pickup.minecraft.golden_apple":2,"stat.drop.minecraft.rotten_flesh":2,"stat.pickup.minecraft.crafting_table":10,"stat.useItem.minecraft.cobblestone":350,"stat.mineBlock.techguns.basicore":2,"stat.craftItem.minecraft.crafting_table":2,"stat.mineBlock.minecraft.emerald_ore":4,"stat.pickup.minecraft.log":22,"stat.mineBlock.galacticraftcore.basic_block_core":5,"stat.pickup.minecraft.iron_pickaxe":7,"stat.craftItem.hammertime.itemhammerstone":2,"stat.craftItem.minecraft.gold_ingot":36,"stat.drop.minecraft.sapling":1,"stat.pickup.minecraft.chicken":4,"stat.pickup.ironfurnaces.gold_furnace_idle":3,"stat.pickup.minecraft.chainmail_leggings":2,"stat.pickup.minecraft.sapling":5,"stat.pickup.minecraft.apple":6,"stat.craftItem.minecraft.planks":84,"stat.pickup.minecraft.stone_sword":15,"stat.mineBlock.minecraft.log":20,"stat.craftItem.minecraft.cooked_chicken":4,"stat.craftItem.minecraft.log":4,"stat.pickup.minecraft.red_flower":1,"stat.sneakTime":17826,"stat.pickup.minecraft.wool":15,"stat.pickup.ic2.sapling":6,"stat.drop.minecraft.stone_pickaxe":1,"stat.pickup.immersiveengineering.ore":4,"stat.pickup.minecraft.bone":18,"stat.pickup.hammertime.itemaxestone":3,"stat.mineBlock.minecraft.cobblestone":21,"stat.pickup.minecraft.stone_pickaxe":14,"stat.pickup.minecraft.flint":13,"stat.swimOneCm":10474,"stat.mineBlock.ironfurnaces.gold_furnace_idle":1,"stat.pickup.capsule.capsule":2,"stat.drop.minecraft.cobblestone":1,"stat.drop.minecraft.brown_mushroom":2,"stat.useItem.minecraft.dirt":30,"stat.useItem.minecraft.stone_slab2":59,"stat.pickup.minecraft.bow":4,"stat.pickup.minecraft.stone_hoe":1,"stat.craftItem.minecraft.furnace":2,"stat.useItem.minecraft.egg":1,"stat.craftItem.minecraft.stone_pickaxe":4,"stat.craftItem.minecraft.cooked_beef":5,"stat.pickup.minecraft.cobblestone":2779,"stat.craftItem.minecraft.bow":1,"stat.useItem.minecraft.stone_shovel":26,"stat.flyOneCm":379687,"stat.drop.minecraft.wheat_seeds":8,"stat.pickup.minecraft.redstone":202,"stat.mineBlock.minecraft.iron_ore":25,"stat.timeSinceDeath":9078,"stat.pickup.minecraft.mutton":6,"stat.pickup.galacticraftcore.basic_block_core":45,"stat.mineBlock.minecraft.coal_ore":39,"stat.killEntity.Creeper":6,"stat.pickup.minecraft.string":85,"stat.entityKilledBy.Skeleton":4,"stat.craftItem.minecraft.stone_slab2":0,"stat.sprintOneCm":367322,"stat.drop.minecraft.leather":2,"stat.craftItem.minecraft.stick":56,"stat.pickup.ic2.resource":48,"stat.craftItem.minecraft.stone":118,"stat.mineBlock.minecraft.diamond_ore":4,"stat.pickup.techguns.t1_miner_leggings":5,"stat.mineBlock.minecraft.crafting_table":7,"stat.craftItem.ironfurnaces.gold_furnace_idle":1,"stat.entityKilledBy.Creeper":3,"stat.drop":82,"stat.killEntity.Sheep":5,"stat.craftItem.hammertime.itemhammeriron":3,"stat.entityKilledBy.mutantbeasts.mutant_creeper":1,"stat.killEntity.Zombie":25,"stat.mineBlock.minecraft.gold_ore":20,"stat.diveOneCm":23283,"stat.pickup.minecraft.wheat":44,"stat.drop.hammertime.itemhammerstone":1,"stat.craftItem.ironfurnaces.iron_furnace_idle":1,"stat.pickup.minecraft.gravel":66,"stat.pickup.minecraft.stone_axe":10,"stat.pickup.byg.soapstone":503,"stat.jump":2410,"stat.pickup.minecraft.coal":275,"stat.pickup.minecraft.iron_helmet":3,"stat.pickup.minecraft.iron_ingot":132,"stat.useItem.minecraft.stone_axe":79,"stat.pickup.minecraft.gunpowder":46,"stat.craftItem.minecraft.bread":2,"stat.craftItem.minecraft.torch":104,"stat.pickup.byg.scoria":63,"stat.pickup.minecraft.dirt":195,"stat.useItem.minecraft.cooked_chicken":3,"stat.pickup.minecraft.iron_ore":116,"stat.pickup.minecraft.stone_shovel":7,"stat.pickup.minecraft.gold_ore":45,"stat.craftItem.minecraft.flint_and_steel":1,"stat.useItem.byg.scoria":1,"stat.pickup.minecraft.leather":29,"stat.damageTaken":7214,"stat.mineBlock.minecraft.furnace":4,"stat.mineBlock.minecraft.torch":12,"stat.useItem.minecraft.wooden_pickaxe":5,"stat.pickup.ic2.rubber_wood":11,"stat.pickup.minecraft.reeds":6,"stat.pickup.minecraft.bed":3,"stat.entityKilledBy.Zombie":1,"stat.damageDealt":3618,"stat.pickup.hammertime.itemhammeriron":4,"stat.sleepInBed":3,"stat.killEntity.Cow":2,"stat.craftItem.hammertime.itemshovelstone":1,"stat.drop.techguns.itemshared":14,"stat.craftItem.minecraft.stone_shovel":1,"stat.pickup.techguns.itemshared":1210,"stat.walkOneCm":570699,"stat.drop.minecraft.wheat":1,"stat.pickup.minecraft.stick":85,"stat.pickup.techguns.t1_miner_boots":7,"stat.craftItem.firstaid.plaster":1,"stat.pickup.hammertime.itemhammerstone":2,"stat.pickup.randomthings.summoningpendulum":4,"stat.pickup.minecraft.stone":265,"stat.mineBlock.minecraft.wool":1,"stat.pickup.ic2.treetap":3,"stat.pickup.minecraft.cooked_beef":25,"stat.pickup.minecraft.gold_ingot":45,"stat.killEntity.Skeleton":8,"stat.craftItem.techguns.itemshared":236,"stat.mineBlock.byg.soapstone":79,"stat.killEntity.Chicken":4,"stat.pickup.minecraft.bread":64,"stat.mobKills":87,"stat.pickup.minecraft.diamond":4,"stat.mineBlock.minecraft.leaves":16,"stat.pickup.minecraft.torch":70,"stat.craftItem.hammertime.itemaxestone":1,"stat.craftItem.galacticraftcore.basic_item":2,"stat.mineBlock.minecraft.stone":398}