{"stat.leaveGame":6,"stat.entityKilledBy.techguns.ZombieMiner":18,"stat.drop.minecraft.redstone":2,"stat.mineBlock.ic2.rubber_wood":11,"stat.pickup.gravestone.death_info":15,"stat.entityKilledBy.techguns.ZombieFarmer":8,"stat.craftItem.minecraft.shield":1,"stat.useItem.minecraft.planks":5,"stat.mineBlock.minecraft.web":3,"stat.pickup.minecraft.glowstone_dust":1,"stat.pickup.minecraft.porkchop":10,"stat.pickup.minecraft.glass":9,"stat.mineBlock.gravestone.gravestone":28,"stat.pickup.minecraft.rotten_flesh":167,"stat.pickup.minecraft.sand":11,"stat.entityKilledBy.Spider":1,"stat.craftItem.minecraft.stone_axe":1,"stat.pickup.byg.cyan_amaranth":1,"stat.killEntity.Enderman":1,"stat.entityKilledBy.techguns.ZombieSoldier":3,"stat.craftItem.minecraft.stone_sword":1,"stat.pickup.minecraft.brown_mushroom":17,"stat.mineBlock.minecraft.sand":12,"stat.craftItem.techguns.handcannon":1,"stat.mineBlock.byg.scoria":28,"stat.pickup.securitycraft.reinforced_cobblestone":251,"stat.killEntity.techguns.ZombieFarmer":17,"stat.useItem.securitycraft.reinforced_cobblestone":238,"stat.useItem.minecraft.iron_pickaxe":365,"stat.pickup.securitycraft.universal_block_remover":2,"stat.craftItem.minecraft.wooden_pickaxe":1,"stat.craftItem.minecraft.iron_door":3,"stat.craftItem.minecraft.bed":1,"stat.craftItem.minecraft.glass_pane":16,"stat.drop.gravestone.death_info":51,"stat.drop.immersiveengineering.seed":2,"stat.pickup.techguns.basicore":12,"stat.drop.minecraft.gravel":2,"stat.furnaceInteraction":124,"stat.drop.minecraft.red_flower":1,"stat.pickup.minecraft.beef":12,"stat.pickup.minecraft.furnace":10,"stat.pickup.hammertime.itemshovelstone":4,"stat.pickup.minecraft.skull":2,"stat.entityKilledBy.housebane":1,"stat.pickup.byg.purple_amaranth":1,"stat.entityKilledBy.mutantbeasts.mutant_skeleton":1,"stat.pickup.ic2.misc_resource":64,"stat.mineBlock.ic2.leaves":25,"stat.pickup.minecraft.emerald":8,"stat.pickup.minecraft.saddle":6,"stat.craftItem.securitycraft.laser_block":1,"stat.pickup.securitycraft.universal_block_reinforcer_lvl1":5,"stat.craftItem.minecraft.heavy_weighted_pressure_plate":4,"stat.deaths":56,"stat.useItem.ic2.treetap":1,"stat.pickup.minecraft.egg":1,"stat.playOneMinute":349605,"stat.craftItem.minecraft.item_frame":2,"stat.pickup.techguns.handcannon":14,"stat.craftItem.minecraft.iron_pickaxe":2,"stat.craftItem.securitycraft.keypad_item":4,"stat.drop.minecraft.torch":5,"stat.mineBlock.minecraft.tallgrass":22,"stat.craftItem.minecraft.cooked_mutton":14,"stat.pickup.securitycraft.keypad_door_item":1,"stat.pickup.minecraft.cooked_mutton":43,"stat.chestOpened":83,"stat.useItem.minecraft.stone":84,"stat.pickup.minecraft.arrow":59,"stat.pickup.byg.tamrelitegem":7,"stat.pickup.minecraft.cooked_chicken":9,"stat.fallOneCm":98430,"stat.drop.minecraft.stone":16,"stat.craftItem.ic2.treetap":1,"stat.crouchOneCm":68000,"stat.craftItem.minecraft.iron_ingot":98,"stat.craftItem.minecraft.chest":4,"stat.craftingTableInteraction":108,"stat.mineBlock.ic2.resource":7,"stat.drop.byg.soapstone":39,"stat.pickup.minecraft.wooden_pickaxe":6,"stat.pickup.minecraft.feather":21,"stat.pickup.minecraft.record_cat":6,"stat.killEntity.techguns.ZombieMiner":15,"stat.pickup.minecraft.planks":499,"stat.pickup.minecraft.wheat_seeds":10,"stat.pickup.techguns.t1_miner_chestplate":18,"stat.mineBlock.minecraft.gravel":16,"stat.useItem.minecraft.stone_pickaxe":552,"stat.useItem.minecraft.stone_sword":98,"stat.mineBlock.minecraft.dirt":49,"stat.drop.minecraft.stick":1,"stat.pickup.minecraft.record_13":6,"stat.useItem.minecraft.torch":110,"stat.pickup.immersiveengineering.seed":2,"stat.pickup.minecraft.golden_apple":3,"stat.craftItem.minecraft.redstone_block":1,"stat.drop.minecraft.rotten_flesh":7,"stat.pickup.minecraft.crafting_table":10,"stat.useItem.minecraft.cobblestone":433,"stat.mineBlock.techguns.basicore":2,"stat.craftItem.minecraft.crafting_table":3,"stat.craftItem.securitycraft.keypad_door_item":2,"stat.craftItem.firstaid.bandage":1,"stat.mineBlock.minecraft.emerald_ore":4,"stat.pickup.minecraft.log":34,"stat.mineBlock.galacticraftcore.basic_block_core":5,"stat.pickup.minecraft.iron_pickaxe":13,"stat.craftItem.minecraft.stone_button":32,"stat.craftItem.hammertime.itemhammerstone":3,"stat.craftItem.minecraft.gold_ingot":36,"stat.drop.minecraft.sapling":1,"stat.pickup.minecraft.chicken":5,"stat.pickup.ironfurnaces.gold_furnace_idle":3,"stat.pickup.minecraft.chainmail_leggings":8,"stat.pickup.minecraft.sapling":5,"stat.pickup.minecraft.apple":17,"stat.useItem.minecraft.glass_pane":4,"stat.craftItem.securitycraft.door_indestructible_iron_item":2,"stat.craftItem.minecraft.planks":132,"stat.useItem.securitycraft.universal_block_remover":5,"stat.pickup.minecraft.stone_sword":21,"stat.mineBlock.minecraft.log":32,"stat.craftItem.minecraft.cooked_chicken":5,"stat.craftItem.minecraft.log":4,"stat.pickup.minecraft.red_flower":1,"stat.sneakTime":19735,"stat.pickup.minecraft.wool":20,"stat.pickup.ic2.sapling":6,"stat.pickup.minecraft.stone_slab":2,"stat.drop.minecraft.stone_pickaxe":1,"stat.pickup.ic2.ingot":11,"stat.pickup.immersiveengineering.ore":4,"stat.pickup.minecraft.bone":19,"stat.pickup.hammertime.itemaxestone":3,"stat.mineBlock.minecraft.cobblestone":63,"stat.pickup.minecraft.stone_pickaxe":21,"stat.pickup.minecraft.flint":25,"stat.swimOneCm":12083,"stat.mineBlock.ironfurnaces.gold_furnace_idle":1,"stat.climbOneCm":1491,"stat.pickup.capsule.capsule":3,"stat.drop.minecraft.cobblestone":1,"stat.pickup.minecraft.cooked_porkchop":4,"stat.drop.minecraft.brown_mushroom":2,"stat.useItem.minecraft.dirt":33,"stat.useItem.minecraft.stone_slab2":85,"stat.pickup.minecraft.bow":5,"stat.pickup.minecraft.stone_hoe":1,"stat.craftItem.minecraft.furnace":4,"stat.useItem.minecraft.egg":1,"stat.craftItem.minecraft.stone_pickaxe":4,"stat.craftItem.minecraft.cooked_beef":5,"stat.pickup.minecraft.cobblestone":4328,"stat.craftItem.minecraft.bow":1,"stat.useItem.minecraft.stone_shovel":37,"stat.flyOneCm":524816,"stat.craftItem.ic2.ingot":16,"stat.drop.minecraft.wheat_seeds":9,"stat.pickup.minecraft.redstone":496,"stat.mineBlock.minecraft.iron_ore":38,"stat.timeSinceDeath":15322,"stat.pickup.securitycraft.keypad_item":3,"stat.pickup.minecraft.mutton":15,"stat.pickup.securitycraft.keypad":2,"stat.entityKilledBy.zombiealien":6,"stat.pickup.galacticraftcore.basic_block_core":45,"stat.drop.minecraft.dirt":3,"stat.mineBlock.minecraft.coal_ore":40,"stat.killEntity.Creeper":6,"stat.pickup.minecraft.shield":6,"stat.pickup.minecraft.string":123,"stat.entityKilledBy.Skeleton":5,"stat.craftItem.minecraft.stone_slab2":0,"stat.sprintOneCm":643605,"stat.drop.minecraft.leather":2,"stat.mineBlock.minecraft.stone_slab":2,"stat.craftItem.minecraft.stick":84,"stat.pickup.ic2.resource":48,"stat.craftItem.minecraft.stone":118,"stat.mineBlock.minecraft.diamond_ore":4,"stat.pickup.techguns.t1_miner_leggings":5,"stat.mineBlock.minecraft.crafting_table":7,"stat.craftItem.ironfurnaces.gold_furnace_idle":2,"stat.entityKilledBy.Creeper":4,"stat.mineBlock.minecraft.planks":1,"stat.drop":112,"stat.killEntity.Sheep":8,"stat.craftItem.hammertime.itemhammeriron":3,"stat.entityKilledBy.mutantbeasts.mutant_creeper":1,"stat.useItem.securitycraft.keypad_frame":1,"stat.killEntity.Zombie":26,"stat.craftItem.securitycraft.universal_block_remover":1,"stat.mineBlock.minecraft.gold_ore":20,"stat.diveOneCm":27089,"stat.pickup.minecraft.wheat":53,"stat.drop.hammertime.itemhammerstone":1,"stat.craftItem.ironfurnaces.iron_furnace_idle":2,"stat.pickup.minecraft.gravel":67,"stat.craftItem.minecraft.cooked_porkchop":2,"stat.pickup.minecraft.stone_axe":14,"stat.useItem.byg.soapstone":25,"stat.pickup.byg.soapstone":503,"stat.jump":3477,"stat.pickup.minecraft.coal":317,"stat.pickup.minecraft.iron_helmet":9,"stat.pickup.minecraft.iron_ingot":191,"stat.useItem.minecraft.stone_axe":91,"stat.pickup.minecraft.gunpowder":58,"stat.craftItem.minecraft.bread":2,"stat.entityKilledBy.striga":1,"stat.craftItem.minecraft.torch":104,"stat.pickup.byg.scoria":63,"stat.pickup.minecraft.dirt":248,"stat.useItem.minecraft.cooked_chicken":3,"stat.pickup.minecraft.iron_ore":143,"stat.pickup.minecraft.stone_shovel":13,"stat.mineBlock.treasure2.skull_and_crossbones":1,"stat.pickup.minecraft.gold_ore":45,"stat.craftItem.minecraft.flint_and_steel":1,"stat.entityKilledBy.techguns.SkeletonSoldier":2,"stat.useItem.byg.scoria":1,"stat.mineBlock.minecraft.glass_pane":2,"stat.pickup.minecraft.leather":35,"stat.damageTaken":10477,"stat.mineBlock.minecraft.furnace":4,"stat.mineBlock.minecraft.torch":23,"stat.useItem.minecraft.wooden_pickaxe":5,"stat.pickup.ic2.rubber_wood":11,"stat.craftItem.securitycraft.keypad_frame":2,"stat.pickup.minecraft.reeds":6,"stat.pickup.minecraft.bed":6,"stat.entityKilledBy.Zombie":1,"stat.damageDealt":4518,"stat.craftItem.minecraft.glass":11,"stat.pickup.hammertime.itemhammeriron":8,"stat.sleepInBed":9,"stat.killEntity.Cow":2,"stat.killEntity.zombiealien":3,"stat.craftItem.hammertime.itemshovelstone":1,"stat.drop.techguns.itemshared":14,"stat.craftItem.minecraft.stone_shovel":1,"stat.craftItem.securitycraft.universal_block_reinforcer_lvl1":1,"stat.pickup.techguns.itemshared":2231,"stat.walkOneCm":951252,"stat.useItem.minecraft.chest":1,"stat.drop.minecraft.wheat":1,"stat.pickup.minecraft.stick":111,"stat.pickup.techguns.t1_miner_boots":13,"stat.craftItem.firstaid.plaster":1,"stat.pickup.hammertime.itemhammerstone":4,"stat.pickup.randomthings.summoningpendulum":5,"stat.pickup.minecraft.stone":485,"stat.mineBlock.minecraft.wool":1,"stat.pickup.ic2.treetap":3,"stat.pickup.minecraft.cooked_beef":39,"stat.pickup.minecraft.gold_ingot":74,"stat.killEntity.Skeleton":8,"stat.craftItem.techguns.itemshared":236,"stat.mineBlock.byg.soapstone":79,"stat.killEntity.Chicken":4,"stat.pickup.minecraft.bread":158,"stat.mobKills":98,"stat.craftItem.minecraft.shears":1,"stat.pickup.securitycraft.reinforced_stone_button":32,"stat.pickup.minecraft.diamond":8,"stat.mineBlock.minecraft.leaves":21,"stat.pickup.minecraft.torch":199,"stat.mineBlock.minecraft.redstone_ore":1,"stat.craftItem.hammertime.itemaxestone":1,"stat.craftItem.galacticraftcore.basic_item":2,"stat.mineBlock.minecraft.stone":628}