{"stat.pickup.minecraft.bone":4,"stat.leaveGame":8,"stat.pickup.minecraft.stone_pickaxe":3,"stat.pickup.minecraft.flint":26,"stat.entityKilledBy.Witch":1,"stat.pickup.gravestone.death_info":2,"stat.swimOneCm":9437,"stat.climbOneCm":11957,"stat.pickup.minecraft.porkchop":8,"stat.mineBlock.gravestone.gravestone":2,"stat.useItem.minecraft.dirt":48,"stat.useItem.minecraft.stone_slab2":18,"stat.pickup.minecraft.bow":2,"stat.pickup.minecraft.iron_boots":1,"stat.craftItem.techguns.t1_miner_chestplate":2,"stat.pickup.minecraft.rotten_flesh":22,"stat.pickup.minecraft.stone_hoe":2,"stat.useItem.minecraft.iron_ore":2,"stat.drop.cgm.assault_rifle":1,"stat.pickup.minecraft.cobblestone":1880,"stat.craftItem.minecraft.bow":2,"stat.pickup.minecraft.wooden_hoe":2,"stat.useItem.minecraft.stone_shovel":104,"stat.flyOneCm":78796,"stat.craftItem.techguns.handcannon":2,"stat.killEntity.Witch":1,"stat.killEntity.techguns.ZombieFarmer":16,"stat.pickup.minecraft.redstone":79,"stat.mineBlock.minecraft.iron_ore":16,"stat.timeSinceDeath":8457,"stat.hopperInspected":7,"stat.useItem.minecraft.iron_pickaxe":24,"stat.useItem.byg.tamrelitesword":199,"stat.pickup.minecraft.double_plant":1,"stat.drop.gravestone.death_info":2,"stat.pickup.minecraft.chainmail_helmet":1,"stat.mineBlock.minecraft.hopper":2,"stat.furnaceInteraction":15,"stat.killEntity.ZombieVillager":1,"stat.killEntity.Creeper":7,"stat.pickup.minecraft.string":34,"stat.craftItem.minecraft.stone_slab2":0,"stat.pickup.travellersbackpack.travellers_backpack":3,"stat.sprintOneCm":152685,"stat.craftItem.techguns.t1_miner_leggings":2,"stat.craftItem.minecraft.stick":60,"stat.craftItem.techguns.t1_miner_helmet":2,"stat.pickup.byg.tamrelitesword":1,"stat.craftItem.minecraft.stone":12,"stat.pickup.techguns.t1_miner_leggings":3,"stat.useItem.immersiveengineering.seed":4,"stat.useItem.minecraft.hopper":1,"stat.killEntity.striga":6,"stat.useItem.minecraft.dye":63,"stat.deaths":3,"stat.drop":6,"stat.playOneMinute":175957,"stat.pickup.techguns.handcannon":6,"stat.craftItem.hammertime.itemhammeriron":3,"stat.pickup.techguns.t1_miner_helmet":2,"stat.pickup.minecraft.slime_ball":2,"stat.craftItem.minecraft.iron_pickaxe":1,"stat.drop.techguns.handcannon":1,"stat.killEntity.Zombie":10,"stat.diveOneCm":788,"stat.pickup.minecraft.wheat":22,"stat.chestOpened":103,"stat.pickup.immersiveengineering.material":29,"stat.useItem.minecraft.stone":42,"stat.pickup.minecraft.gravel":104,"stat.pickup.minecraft.arrow":48,"stat.pickup.minecraft.iron_sword":1,"stat.jump":1225,"stat.pickup.minecraft.coal":226,"stat.fallOneCm":11522,"stat.pickup.minecraft.iron_ingot":52,"stat.craftItem.minecraft.bread":6,"stat.pickup.minecraft.gunpowder":24,"stat.crouchOneCm":2847,"stat.pickup.cgm.chain_gun":2,"stat.craftItem.minecraft.torch":72,"stat.craftItem.minecraft.iron_ingot":30,"stat.craftItem.minecraft.chest":3,"stat.pickup.minecraft.dirt":65,"stat.pickup.cgm.assault_rifle":2,"stat.craftItem.minecraft.hopper":2,"stat.pickup.minecraft.iron_ore":77,"stat.craftingTableInteraction":24,"stat.pickup.minecraft.stone_shovel":1,"stat.pickup.minecraft.gold_ore":26,"stat.craftItem.minecraft.flint_and_steel":2,"stat.mineBlock.minecraft.lapis_ore":3,"stat.damageTaken":554,"stat.pickup.minecraft.leather":17,"stat.pickup.minecraft.feather":3,"stat.mineBlock.minecraft.torch":11,"stat.killEntity.techguns.ZombieMiner":19,"stat.pickup.minecraft.dye":91,"stat.pickup.minecraft.planks":20,"stat.pickup.minecraft.iron_leggings":3,"stat.pickup.minecraft.reeds":1,"stat.pickup.minecraft.wheat_seeds":2,"stat.pickup.techguns.t1_miner_chestplate":3,"stat.mineBlock.minecraft.gravel":115,"stat.useItem.minecraft.stone_pickaxe":26,"stat.damageDealt":6307,"stat.pickup.hammertime.itemhammeriron":3,"stat.drop.cgm.chain_gun":1,"stat.entityKilledBy.humanspider":1,"stat.mineBlock.minecraft.dirt":38,"stat.killEntity.zombiealien":2,"stat.drop.minecraft.reeds":1,"stat.pickup.minecraft.chainmail_boots":2,"stat.craftItem.minecraft.stone_shovel":1,"stat.pickup.techguns.itemshared":152,"stat.walkOneCm":308833,"stat.useItem.minecraft.torch":88,"stat.useItem.minecraft.bread":3,"stat.pickup.immersiveengineering.seed":15,"stat.useItem.minecraft.chest":1,"stat.killEntity.transformedbotchling":1,"stat.pickup.minecraft.stick":1,"stat.pickup.techguns.t1_miner_boots":5,"stat.useItem.minecraft.cobblestone":3,"stat.pickup.minecraft.log":1,"stat.pickup.minecraft.iron_pickaxe":3,"stat.pickup.minecraft.stone":248,"stat.pickup.minecraft.hopper":2,"stat.pickup.minecraft.apple":32,"stat.pickup.minecraft.gold_ingot":2,"stat.killEntity.Skeleton":13,"stat.craftItem.techguns.itemshared":132,"stat.craftItem.minecraft.planks":48,"stat.useItem.minecraft.iron_sword":32,"stat.itemEnchanted":1,"stat.pickup.minecraft.bread":31,"stat.pickup.minecraft.concrete_powder":5,"stat.mobKills":82,"stat.mineBlock.minecraft.log":1,"stat.pickup.minecraft.torch":45,"stat.pickup.minecraft.red_flower":1,"stat.sneakTime":2029,"stat.mineBlock.minecraft.stone":25,"stat.pickup.minecraft.chest":2}