{"stat.pickup.minecraft.bone":4,"stat.leaveGame":9,"stat.pickup.minecraft.stone_pickaxe":3,"stat.pickup.minecraft.flint":26,"stat.entityKilledBy.Witch":1,"stat.pickup.gravestone.death_info":2,"stat.swimOneCm":11326,"stat.climbOneCm":17253,"stat.useItem.minecraft.golden_shovel":66,"stat.craftItem.minecraft.gold_block":1,"stat.pickup.minecraft.porkchop":8,"stat.mineBlock.gravestone.gravestone":2,"stat.useItem.minecraft.dirt":63,"stat.useItem.minecraft.stone_slab2":29,"stat.pickup.minecraft.bow":3,"stat.pickup.minecraft.iron_boots":1,"stat.craftItem.techguns.t1_miner_chestplate":2,"stat.pickup.minecraft.rotten_flesh":23,"stat.pickup.minecraft.stone_hoe":2,"stat.craftItem.minecraft.furnace":3,"stat.useItem.minecraft.iron_ore":2,"stat.drop.cgm.assault_rifle":1,"stat.pickup.minecraft.cobblestone":2966,"stat.craftItem.minecraft.bow":2,"stat.pickup.minecraft.wooden_hoe":2,"stat.useItem.minecraft.stone_shovel":104,"stat.flyOneCm":94375,"stat.craftItem.techguns.handcannon":2,"stat.killEntity.Witch":1,"stat.killEntity.techguns.ZombieFarmer":20,"stat.craftItem.minecraft.stained_glass":8,"stat.pickup.minecraft.redstone":150,"stat.mineBlock.minecraft.iron_ore":28,"stat.timeSinceDeath":69313,"stat.hopperInspected":7,"stat.useItem.minecraft.iron_pickaxe":52,"stat.useItem.byg.tamrelitesword":199,"stat.pickup.minecraft.double_plant":1,"stat.drop.gravestone.death_info":2,"stat.pickup.minecraft.chainmail_helmet":1,"stat.mineBlock.minecraft.hopper":2,"stat.furnaceInteraction":32,"stat.killEntity.ZombieVillager":1,"stat.killEntity.Creeper":10,"stat.pickup.minecraft.string":34,"stat.craftItem.minecraft.stone_slab2":0,"stat.pickup.travellersbackpack.travellers_backpack":3,"stat.sprintOneCm":233280,"stat.craftItem.techguns.t1_miner_leggings":2,"stat.craftItem.minecraft.stick":80,"stat.craftItem.techguns.t1_miner_helmet":2,"stat.pickup.byg.tamrelitesword":1,"stat.craftItem.minecraft.stone":12,"stat.pickup.techguns.t1_miner_leggings":3,"stat.useItem.immersiveengineering.seed":4,"stat.useItem.minecraft.hopper":1,"stat.killEntity.striga":6,"stat.useItem.minecraft.dye":63,"stat.deaths":3,"stat.drop":7,"stat.playOneMinute":236813,"stat.pickup.techguns.handcannon":6,"stat.craftItem.hammertime.itemhammeriron":3,"stat.pickup.techguns.t1_miner_helmet":2,"stat.pickup.minecraft.slime_ball":2,"stat.craftItem.minecraft.iron_pickaxe":1,"stat.drop.techguns.handcannon":1,"stat.killEntity.Zombie":11,"stat.mineBlock.minecraft.gold_ore":8,"stat.mineBlock.minecraft.tallgrass":2,"stat.diveOneCm":788,"stat.pickup.minecraft.wheat":22,"stat.chestOpened":140,"stat.pickup.immersiveengineering.material":29,"stat.useItem.minecraft.stone":42,"stat.pickup.minecraft.gravel":105,"stat.pickup.minecraft.arrow":49,"stat.pickup.minecraft.iron_sword":1,"stat.craftItem.travellersbackpack.travellers_backpack":2,"stat.drop.minecraft.iron_pickaxe":1,"stat.jump":1589,"stat.pickup.minecraft.coal":235,"stat.fallOneCm":12980,"stat.pickup.minecraft.iron_ingot":52,"stat.craftItem.minecraft.bread":6,"stat.pickup.minecraft.gunpowder":25,"stat.crouchOneCm":2848,"stat.pickup.cgm.chain_gun":2,"stat.craftItem.minecraft.torch":228,"stat.craftItem.minecraft.iron_ingot":83,"stat.craftItem.minecraft.chest":3,"stat.pickup.minecraft.dirt":139,"stat.pickup.cgm.assault_rifle":2,"stat.craftItem.minecraft.hopper":2,"stat.pickup.minecraft.iron_ore":115,"stat.craftingTableInteraction":38,"stat.pickup.minecraft.stone_shovel":1,"stat.pickup.minecraft.gold_ore":45,"stat.useItem.minecraft.sapling":3,"stat.craftItem.minecraft.flint_and_steel":2,"stat.mineBlock.minecraft.lapis_ore":3,"stat.damageTaken":771,"stat.pickup.minecraft.leather":25,"stat.pickup.minecraft.feather":3,"stat.mineBlock.minecraft.torch":15,"stat.killEntity.techguns.ZombieMiner":26,"stat.useItem.minecraft.furnace":2,"stat.pickup.minecraft.dye":91,"stat.pickup.minecraft.planks":20,"stat.pickup.minecraft.iron_leggings":3,"stat.pickup.minecraft.reeds":1,"stat.pickup.minecraft.wheat_seeds":4,"stat.pickup.techguns.t1_miner_chestplate":3,"stat.mineBlock.minecraft.gravel":115,"stat.useItem.minecraft.stone_pickaxe":26,"stat.damageDealt":7015,"stat.pickup.hammertime.itemhammeriron":3,"stat.drop.cgm.chain_gun":1,"stat.entityKilledBy.humanspider":1,"stat.mineBlock.minecraft.dirt":109,"stat.killEntity.zombiealien":3,"stat.drop.minecraft.reeds":1,"stat.pickup.minecraft.chainmail_boots":2,"stat.craftItem.minecraft.stone_shovel":1,"stat.pickup.techguns.itemshared":156,"stat.walkOneCm":451394,"stat.useItem.minecraft.torch":122,"stat.useItem.minecraft.bread":3,"stat.pickup.immersiveengineering.seed":15,"stat.useItem.minecraft.chest":2,"stat.killEntity.transformedbotchling":1,"stat.pickup.minecraft.stick":1,"stat.pickup.techguns.t1_miner_boots":5,"stat.useItem.minecraft.cobblestone":15,"stat.craftItem.minecraft.crafting_table":1,"stat.pickup.minecraft.log":6,"stat.pickup.minecraft.iron_pickaxe":5,"stat.pickup.minecraft.stone":275,"stat.pickup.minecraft.hopper":2,"stat.pickup.minecraft.sapling":4,"stat.pickup.minecraft.apple":33,"stat.pickup.minecraft.gold_ingot":2,"stat.killEntity.Skeleton":15,"stat.craftItem.techguns.itemshared":420,"stat.craftItem.minecraft.planks":68,"stat.useItem.minecraft.iron_sword":48,"stat.itemEnchanted":2,"stat.pickup.minecraft.bread":31,"stat.pickup.minecraft.concrete_powder":5,"stat.mobKills":100,"stat.mineBlock.minecraft.log":6,"stat.craftItem.minecraft.wooden_door":3,"stat.craftItem.minecraft.shears":1,"stat.useItem.minecraft.wooden_door":2,"stat.craftItem.minecraft.golden_shovel":2,"stat.pickup.minecraft.torch":50,"stat.pickup.minecraft.red_flower":1,"stat.sneakTime":2055,"stat.mineBlock.minecraft.stone":33,"stat.pickup.minecraft.chest":2}