{"stat.pickup.minecraft.bone":3,"stat.leaveGame":8,"stat.pickup.minecraft.stone_pickaxe":3,"stat.pickup.minecraft.flint":8,"stat.pickup.gravestone.death_info":1,"stat.swimOneCm":3528,"stat.climbOneCm":2670,"stat.pickup.minecraft.porkchop":8,"stat.mineBlock.gravestone.gravestone":1,"stat.useItem.minecraft.dirt":5,"stat.useItem.minecraft.stone_slab2":4,"stat.pickup.minecraft.bow":1,"stat.pickup.minecraft.iron_boots":1,"stat.pickup.minecraft.rotten_flesh":17,"stat.pickup.minecraft.stone_hoe":2,"stat.drop.cgm.assault_rifle":1,"stat.pickup.minecraft.cobblestone":571,"stat.craftItem.minecraft.bow":1,"stat.pickup.minecraft.wooden_hoe":2,"stat.useItem.minecraft.stone_shovel":47,"stat.flyOneCm":21474,"stat.killEntity.techguns.ZombieFarmer":9,"stat.pickup.minecraft.redstone":28,"stat.timeSinceDeath":24090,"stat.hopperInspected":2,"stat.useItem.byg.tamrelitesword":199,"stat.drop.gravestone.death_info":2,"stat.pickup.minecraft.chainmail_helmet":1,"stat.furnaceInteraction":4,"stat.killEntity.Creeper":5,"stat.pickup.travellersbackpack.travellers_backpack":2,"stat.sprintOneCm":50811,"stat.craftItem.minecraft.stick":20,"stat.pickup.byg.tamrelitesword":1,"stat.pickup.techguns.t1_miner_leggings":2,"stat.killEntity.striga":2,"stat.deaths":2,"stat.drop":3,"stat.playOneMinute":78757,"stat.pickup.techguns.handcannon":2,"stat.killEntity.Zombie":7,"stat.diveOneCm":646,"stat.pickup.minecraft.wheat":8,"stat.chestOpened":49,"stat.pickup.minecraft.gravel":51,"stat.pickup.minecraft.arrow":43,"stat.jump":389,"stat.pickup.minecraft.coal":6,"stat.fallOneCm":838,"stat.pickup.minecraft.iron_ingot":37,"stat.craftItem.minecraft.bread":6,"stat.pickup.minecraft.gunpowder":22,"stat.crouchOneCm":2021,"stat.pickup.cgm.chain_gun":1,"stat.craftItem.minecraft.torch":28,"stat.pickup.minecraft.dirt":37,"stat.pickup.cgm.assault_rifle":2,"stat.craftItem.minecraft.hopper":1,"stat.pickup.minecraft.iron_ore":4,"stat.craftingTableInteraction":7,"stat.pickup.minecraft.gold_ore":10,"stat.damageTaken":359,"stat.pickup.minecraft.leather":8,"stat.mineBlock.minecraft.torch":1,"stat.killEntity.techguns.ZombieMiner":13,"stat.pickup.minecraft.dye":9,"stat.pickup.minecraft.iron_leggings":2,"stat.pickup.techguns.t1_miner_chestplate":1,"stat.mineBlock.minecraft.gravel":58,"stat.damageDealt":4941,"stat.pickup.hammertime.itemhammeriron":2,"stat.entityKilledBy.humanspider":1,"stat.mineBlock.minecraft.dirt":12,"stat.killEntity.zombiealien":1,"stat.pickup.minecraft.chainmail_boots":2,"stat.craftItem.minecraft.stone_shovel":1,"stat.pickup.techguns.itemshared":14,"stat.walkOneCm":113729,"stat.useItem.minecraft.torch":15,"stat.pickup.techguns.t1_miner_boots":4,"stat.useItem.minecraft.cobblestone":3,"stat.pickup.minecraft.log":1,"stat.pickup.minecraft.iron_pickaxe":2,"stat.pickup.minecraft.stone":76,"stat.pickup.minecraft.apple":12,"stat.killEntity.Skeleton":9,"stat.craftItem.techguns.itemshared":32,"stat.craftItem.minecraft.planks":4,"stat.pickup.minecraft.bread":5,"stat.mobKills":49,"stat.mineBlock.minecraft.log":1,"stat.pickup.minecraft.torch":33,"stat.sneakTime":1222}