{"stat.leaveGame":8,"stat.pickup.minecraft.stone_pickaxe":3,"stat.pickup.minecraft.flint":1,"stat.pickup.gravestone.death_info":1,"stat.swimOneCm":2270,"stat.climbOneCm":2386,"stat.pickup.minecraft.porkchop":8,"stat.mineBlock.gravestone.gravestone":1,"stat.useItem.minecraft.dirt":1,"stat.useItem.minecraft.stone_slab2":3,"stat.pickup.minecraft.bow":1,"stat.pickup.minecraft.iron_boots":1,"stat.pickup.minecraft.rotten_flesh":16,"stat.pickup.minecraft.stone_hoe":2,"stat.drop.cgm.assault_rifle":1,"stat.pickup.minecraft.cobblestone":446,"stat.craftItem.minecraft.bow":1,"stat.pickup.minecraft.wooden_hoe":2,"stat.flyOneCm":19759,"stat.killEntity.techguns.ZombieFarmer":9,"stat.pickup.minecraft.redstone":26,"stat.timeSinceDeath":11490,"stat.hopperInspected":1,"stat.useItem.byg.tamrelitesword":126,"stat.drop.gravestone.death_info":2,"stat.pickup.minecraft.chainmail_helmet":1,"stat.furnaceInteraction":4,"stat.killEntity.Creeper":4,"stat.pickup.travellersbackpack.travellers_backpack":2,"stat.sprintOneCm":44220,"stat.craftItem.minecraft.stick":20,"stat.pickup.byg.tamrelitesword":1,"stat.pickup.techguns.t1_miner_leggings":2,"stat.killEntity.striga":2,"stat.deaths":2,"stat.drop":3,"stat.playOneMinute":66157,"stat.pickup.techguns.handcannon":2,"stat.killEntity.Zombie":6,"stat.pickup.minecraft.wheat":8,"stat.chestOpened":49,"stat.pickup.minecraft.gravel":9,"stat.pickup.minecraft.arrow":40,"stat.jump":340,"stat.pickup.minecraft.coal":4,"stat.fallOneCm":627,"stat.pickup.minecraft.iron_ingot":37,"stat.craftItem.minecraft.bread":6,"stat.pickup.minecraft.gunpowder":20,"stat.crouchOneCm":2021,"stat.pickup.cgm.chain_gun":1,"stat.craftItem.minecraft.torch":28,"stat.pickup.minecraft.dirt":32,"stat.pickup.cgm.assault_rifle":2,"stat.craftItem.minecraft.hopper":1,"stat.pickup.minecraft.iron_ore":4,"stat.craftingTableInteraction":4,"stat.pickup.minecraft.gold_ore":6,"stat.damageTaken":359,"stat.pickup.minecraft.leather":8,"stat.mineBlock.minecraft.torch":1,"stat.killEntity.techguns.ZombieMiner":9,"stat.pickup.minecraft.iron_leggings":1,"stat.pickup.techguns.t1_miner_chestplate":1,"stat.mineBlock.minecraft.gravel":10,"stat.damageDealt":4410,"stat.pickup.hammertime.itemhammeriron":2,"stat.entityKilledBy.humanspider":1,"stat.mineBlock.minecraft.dirt":5,"stat.killEntity.zombiealien":1,"stat.pickup.minecraft.chainmail_boots":2,"stat.pickup.techguns.itemshared":12,"stat.walkOneCm":96461,"stat.useItem.minecraft.torch":8,"stat.pickup.techguns.t1_miner_boots":4,"stat.pickup.minecraft.log":1,"stat.pickup.minecraft.iron_pickaxe":2,"stat.pickup.minecraft.stone":74,"stat.pickup.minecraft.apple":12,"stat.killEntity.Skeleton":5,"stat.craftItem.techguns.itemshared":32,"stat.craftItem.minecraft.planks":4,"stat.pickup.minecraft.bread":4,"stat.mobKills":36,"stat.mineBlock.minecraft.log":1,"stat.pickup.minecraft.torch":33,"stat.sneakTime":1222}