{"stat.pickup.minecraft.bone":3,"stat.leaveGame":8,"stat.pickup.minecraft.stone_pickaxe":3,"stat.pickup.minecraft.flint":13,"stat.pickup.gravestone.death_info":1,"stat.swimOneCm":4818,"stat.climbOneCm":4087,"stat.pickup.minecraft.porkchop":8,"stat.mineBlock.gravestone.gravestone":1,"stat.useItem.minecraft.dirt":30,"stat.useItem.minecraft.stone_slab2":6,"stat.pickup.minecraft.bow":1,"stat.pickup.minecraft.iron_boots":1,"stat.pickup.minecraft.rotten_flesh":17,"stat.pickup.minecraft.stone_hoe":2,"stat.drop.cgm.assault_rifle":1,"stat.pickup.minecraft.cobblestone":1813,"stat.craftItem.minecraft.bow":1,"stat.pickup.minecraft.wooden_hoe":2,"stat.useItem.minecraft.stone_shovel":104,"stat.flyOneCm":45708,"stat.craftItem.techguns.handcannon":2,"stat.killEntity.techguns.ZombieFarmer":10,"stat.pickup.minecraft.redstone":72,"stat.mineBlock.minecraft.iron_ore":6,"stat.timeSinceDeath":72690,"stat.hopperInspected":3,"stat.useItem.minecraft.iron_pickaxe":2,"stat.useItem.byg.tamrelitesword":199,"stat.drop.gravestone.death_info":2,"stat.pickup.minecraft.chainmail_helmet":1,"stat.furnaceInteraction":12,"stat.killEntity.Creeper":5,"stat.craftItem.minecraft.stone_slab2":0,"stat.pickup.travellersbackpack.travellers_backpack":2,"stat.sprintOneCm":91839,"stat.craftItem.minecraft.stick":20,"stat.pickup.byg.tamrelitesword":1,"stat.craftItem.minecraft.stone":12,"stat.pickup.techguns.t1_miner_leggings":2,"stat.killEntity.striga":2,"stat.deaths":2,"stat.drop":4,"stat.playOneMinute":127357,"stat.pickup.techguns.handcannon":2,"stat.craftItem.hammertime.itemhammeriron":3,"stat.killEntity.Zombie":7,"stat.diveOneCm":788,"stat.pickup.minecraft.wheat":8,"stat.chestOpened":59,"stat.useItem.minecraft.stone":42,"stat.pickup.minecraft.gravel":102,"stat.pickup.minecraft.arrow":43,"stat.jump":800,"stat.pickup.minecraft.coal":114,"stat.fallOneCm":5641,"stat.pickup.minecraft.iron_ingot":45,"stat.craftItem.minecraft.bread":6,"stat.pickup.minecraft.gunpowder":22,"stat.crouchOneCm":2021,"stat.pickup.cgm.chain_gun":2,"stat.craftItem.minecraft.torch":72,"stat.craftItem.minecraft.iron_ingot":26,"stat.pickup.minecraft.dirt":37,"stat.pickup.cgm.assault_rifle":2,"stat.craftItem.minecraft.hopper":1,"stat.pickup.minecraft.iron_ore":59,"stat.craftingTableInteraction":15,"stat.pickup.minecraft.gold_ore":16,"stat.craftItem.minecraft.flint_and_steel":2,"stat.damageTaken":363,"stat.pickup.minecraft.leather":8,"stat.mineBlock.minecraft.torch":9,"stat.killEntity.techguns.ZombieMiner":14,"stat.pickup.minecraft.dye":9,"stat.pickup.minecraft.iron_leggings":2,"stat.pickup.techguns.t1_miner_chestplate":1,"stat.mineBlock.minecraft.gravel":114,"stat.useItem.minecraft.stone_pickaxe":26,"stat.damageDealt":4941,"stat.pickup.hammertime.itemhammeriron":2,"stat.drop.cgm.chain_gun":1,"stat.entityKilledBy.humanspider":1,"stat.mineBlock.minecraft.dirt":13,"stat.killEntity.zombiealien":1,"stat.pickup.minecraft.chainmail_boots":2,"stat.craftItem.minecraft.stone_shovel":1,"stat.pickup.techguns.itemshared":14,"stat.walkOneCm":203679,"stat.useItem.minecraft.torch":83,"stat.useItem.minecraft.bread":3,"stat.pickup.techguns.t1_miner_boots":4,"stat.useItem.minecraft.cobblestone":3,"stat.pickup.minecraft.log":1,"stat.pickup.minecraft.iron_pickaxe":2,"stat.pickup.minecraft.stone":240,"stat.pickup.minecraft.apple":12,"stat.killEntity.Skeleton":9,"stat.craftItem.techguns.itemshared":132,"stat.craftItem.minecraft.planks":4,"stat.pickup.minecraft.bread":5,"stat.pickup.minecraft.concrete_powder":5,"stat.mobKills":51,"stat.mineBlock.minecraft.log":1,"stat.pickup.minecraft.torch":43,"stat.sneakTime":1222,"stat.mineBlock.minecraft.stone":23}